nom,category_id,categorie,prix_initial,prix_optimal,stock,date_expiration,jours_avant_expiration,supermarche,zone
Œufs frais,1,Produits Laitiers,17.99,,0,,,Carrefour,Tunis
Fromage fondu gouda cavalière,1,Produits Laitiers,33.5,,0,,,Carrefour,Sousse
Ricotta double crème,1,Produits Laitiers,12.5,,0,,,Carrefour,Ariana
Margarine,1,Produits Laitiers,7.39,,0,,,Carrefour,Tunis
Fromage râpé au sicilien cuit,1,Produits Laitiers,56.3,,0,,,Carrefour,Sousse
Yaourt brassé,1,Produits Laitiers,0.43,,0,,,Carrefour,Ariana
Fromage râpé au gruyere,1,Produits Laitiers,8.29,,0,,,Carrefour,Tunis
Le bleu de Lansarine,1,Produits Laitiers,60.9,,0,,,Carrefour,Sousse
Délishake,1,Produits Laitiers,1.09,,0,,,Carrefour,Ariana
Plateau Fromage fête (350g à 400g),1,Produits Laitiers,52.9,,0,,,Carrefour,Tunis
Fromage edam,1,Produits Laitiers,58.6,,0,,,Carrefour,Sousse
Fromage à raclette,1,Produits Laitiers,61.0,,0,,,Carrefour,Ariana
Fromage à raclette,1,Produits Laitiers,76.5,,0,,,Carrefour,Tunis
Mozzarella cerise,1,Produits Laitiers,50.2,,0,,,Carrefour,Sousse
Fromage sicilien demi sel,1,Produits Laitiers,39.8,,0,,,Carrefour,Ariana
Fromage gouda,1,Produits Laitiers,58.6,,0,,,Carrefour,Tunis
Fromage Primo Sale,1,Produits Laitiers,59.8,,0,,,Carrefour,Sousse
Crème dessert Toffee chocolat,1,Produits Laitiers,0.89,,0,,,Carrefour,Ariana
Fromage Gouda,1,Produits Laitiers,51.9,,0,,,Carrefour,Tunis
Fromage carré,1,Produits Laitiers,5.69,,0,,,Carrefour,Sousse
Yaourt nature nature light,1,Produits Laitiers,0.55,,0,,,Carrefour,Ariana
Yaourt aromatisé,1,Produits Laitiers,0.55,,0,,,Carrefour,Tunis
Fromage à l'emmental,1,Produits Laitiers,5.2,,0,,,Carrefour,Sousse
Fromage au cheddar,1,Produits Laitiers,5.2,,0,,,Carrefour,Ariana
Crème sucrée pour garniture de gâteaux,1,Produits Laitiers,6.89,,0,,,Carrefour,Tunis
Yaourt à boire protéiné café caramel Yopro,1,Produits Laitiers,3.99,,0,,,Carrefour,Sousse
Yaourt à boire protéiné chocolat Yopro,1,Produits Laitiers,3.99,,0,,,Carrefour,Ariana
Yaourt à boire protéiné Yopro,1,Produits Laitiers,3.99,,0,,,Carrefour,Tunis
Yaourt à boire protéiné vanille cookies Yopro,1,Produits Laitiers,3.99,,0,,,Carrefour,Sousse
Yaourt à boire protéiné fraise framboise Yopro,1,Produits Laitiers,3.99,,0,,,Carrefour,Ariana
Yaourt à boire protéiné nature Yopro,1,Produits Laitiers,3.99,,0,,,Carrefour,Tunis
Œufs frais,1,Produits Laitiers,12.55,,0,,,Carrefour,Ariana
Fromage cavaliere edam,1,Produits Laitiers,33.5,,0,,,Carrefour,Tunis
Fromage cavaliere gouda,1,Produits Laitiers,43.6,,0,,,Carrefour,Sousse
Lait concentré sucré,1,Produits Laitiers,12.69,,0,,,Carrefour,Ariana
Yaourt à boire proteiné,1,Produits Laitiers,3.19,,0,,,Carrefour,Tunis
Yaourt brassé aux fruits jaunes et aux céréales,1,Produits Laitiers,1.08,,0,,,Carrefour,Sousse
Yaourt brassé aux fruits rouges et aux céréales,1,Produits Laitiers,1.08,,0,,,Carrefour,Ariana
Fromage ricotta,1,Produits Laitiers,3.02,,0,,,Carrefour,Tunis
Boisson lactée Danao au jus de pêche abricot,1,Produits Laitiers,0.89,,0,,,Carrefour,Sousse
Fromage frais Croc'lait,1,Produits Laitiers,3.49,,0,,,Carrefour,Ariana
Fromage mozzarella cerise,1,Produits Laitiers,64.2,,0,,,Carrefour,Tunis
Pack de yaourts aromatisés,1,Produits Laitiers,6.34,,0,,,Carrefour,Sousse
Yaourt brassé Blendy,1,Produits Laitiers,1.11,,0,,,Carrefour,Ariana
Yaourt à la grecque Oikos,1,Produits Laitiers,0.96,,0,,,Carrefour,Tunis
Yaourt aromatisé aux fruits,1,Produits Laitiers,0.84,,0,,,Carrefour,Sousse
Yaourt à boire,1,Produits Laitiers,2.0,,0,,,Carrefour,Tunis
Yaourt aromatisé Mamzouj,1,Produits Laitiers,0.43,,0,,,Carrefour,Sousse
Milkshake Déli Shake,1,Produits Laitiers,1.07,,0,,,Carrefour,Tunis
Yaourt à boire Danup,1,Produits Laitiers,1.2,,0,,,Carrefour,Sousse
Yaourt à boire Danup,1,Produits Laitiers,0.95,,0,,,Carrefour,Ariana
Yaourt brassé Mamzouj,1,Produits Laitiers,0.6,,0,,,Carrefour,Tunis
Boisson lactée au jus de pêche et abricot,1,Produits Laitiers,1.24,,0,,,Carrefour,Sousse
Yaourt à boire à banane,1,Produits Laitiers,1.22,,0,,,Carrefour,Ariana
Yaourt à boire à banane,1,Produits Laitiers,0.96,,0,,,Carrefour,Tunis
Pack yaourt Ananas et fruits secs,1,Produits Laitiers,6.62,,0,,,Carrefour,Sousse
Pack yaourt nature,1,Produits Laitiers,5.29,,0,,,Carrefour,Ariana
Pack yaourt bifi 0% matière grasse,1,Produits Laitiers,5.59,,0,,,Carrefour,Tunis
Yaourt le grand brassé saveur pistache,1,Produits Laitiers,0.62,,0,,,Carrefour,Sousse
Yaourt le grand brassé saveur fraise,1,Produits Laitiers,0.62,,0,,,Carrefour,Ariana
Yaourt le grand brassé saveur vanille,1,Produits Laitiers,0.62,,0,,,Carrefour,Tunis
Yaourt aux fruits mixés mangue,1,Produits Laitiers,0.72,,0,,,Carrefour,Sousse
Yaourt aux fruits mixés à la pulpe de fraise,1,Produits Laitiers,0.72,,0,,,Carrefour,Ariana
Yaourt brassé aux morceaux de cerise,1,Produits Laitiers,0.84,,0,,,Carrefour,Tunis
Yaourt à boire  vit'up,1,Produits Laitiers,0.93,,0,,,Carrefour,Sousse
Fromage mozzarella 100% Lait,1,Produits Laitiers,39.6,,0,,,Carrefour,Ariana
Fromage ricotta,1,Produits Laitiers,3.69,,0,,,Carrefour,Tunis
Camembert du nord ouest,1,Produits Laitiers,15.99,,0,,,Carrefour,Sousse
Fromage cheddar,1,Produits Laitiers,52.7,,0,,,Carrefour,Ariana
Lait concentré sucré,1,Produits Laitiers,7.85,,0,,,Carrefour,Tunis
Fromage fondu râpé,1,Produits Laitiers,31.41,,0,,,Carrefour,Sousse
Crème dessert chocolat liégeois,1,Produits Laitiers,0.79,,0,,,Carrefour,Ariana
Yaourt à boire café,1,Produits Laitiers,1.05,,0,,,Carrefour,Tunis
Pack de yaourts bifi 0% aux morceaux des fruits de bois,1,Produits Laitiers,3.15,,0,,,Carrefour,Sousse
Yaourt brassé saveur tarte framboise,1,Produits Laitiers,0.43,,0,,,Carrefour,Ariana
Fromage mozzarelle 100% lait,1,Produits Laitiers,41.9,,0,,,Carrefour,Tunis
Fromage fondu râpé au gruyère Milkana,1,Produits Laitiers,18.88,,0,,,Carrefour,Sousse
"Lait fermenté ""Leben"" à l'eau de rose",1,Produits Laitiers,1.25,,0,,,Carrefour,Ariana
Yaourt brassé aux céréales et aux fruits des bois Misto,1,Produits Laitiers,1.15,,0,,,Carrefour,Tunis
"Lait fermenté ""Leben""",1,Produits Laitiers,1.79,,0,,,Carrefour,Sousse
Yaourt brassé aux céréales et aux fruits exotiques Misto,1,Produits Laitiers,1.21,,0,,,Carrefour,Ariana
"Lait caillé ""Raieb""",1,Produits Laitiers,1.99,,0,,,Carrefour,Tunis
Fromage râpé affiné 100% lait,1,Produits Laitiers,37.6,,0,,,Carrefour,Sousse
Yaourt à boire Protéiné et 0% de matières grasses,1,Produits Laitiers,6.49,,0,,,Carrefour,Ariana
Lait écrémé Barista U.H.T,1,Produits Laitiers,2.35,,0,,,Carrefour,Tunis
Râpé 4 fromages,1,Produits Laitiers,14.3,,0,,,Carrefour,Sousse
Fromage râpé fondu,1,Produits Laitiers,32.6,,0,,,Carrefour,Ariana
Fromage tartare trois poivres,1,Produits Laitiers,4.4,,0,,,Carrefour,Tunis
Fromage Gouda fumé,1,Produits Laitiers,57.6,,0,,,Carrefour,Sousse
Fromage mozzarella,1,Produits Laitiers,45.5,,0,,,Carrefour,Ariana
Yaourt aux fruits fraise,1,Produits Laitiers,0.87,,0,,,Carrefour,Tunis
Lait entier U.H.T,1,Produits Laitiers,2.55,,0,,,Carrefour,Sousse
"Lait fermenté ""Leben"" aux probiotiques",1,Produits Laitiers,1.78,,0,,,Carrefour,Ariana
Yaourt brassé saveur biscuit citron,1,Produits Laitiers,0.43,,0,,,Carrefour,Tunis
"Yaourt brassé aux figues, amandes, noix et miel",1,Produits Laitiers,0.84,,0,,,Carrefour,Sousse
Yaourt brassé saveur biscuit vanille,1,Produits Laitiers,0.43,,0,,,Carrefour,Ariana
Yaourt à boire aux fruits des bois Max,1,Produits Laitiers,1.76,,0,,,Carrefour,Tunis
Yaourt brassé à la vanille,1,Produits Laitiers,0.62,,0,,,Carrefour,Sousse
Yaourt à boire vanille Max,1,Produits Laitiers,1.76,,0,,,Carrefour,Tunis
Yaourt brassé caramel banane,1,Produits Laitiers,0.43,,0,,,Carrefour,Sousse
Yaourt brassé saveur biscuit fraise,1,Produits Laitiers,0.43,,0,,,Carrefour,Ariana
Yaourt brassé à la fraise,1,Produits Laitiers,0.62,,0,,,Carrefour,Tunis
Yaourt à boire fraise Max,1,Produits Laitiers,1.76,,0,,,Carrefour,Sousse
Yaourt à boire citron Natiyo,1,Produits Laitiers,1.22,,0,,,Carrefour,Ariana
Yaourt à boire To Go fraise banane,1,Produits Laitiers,1.2,,0,,,Carrefour,Tunis
Yaourt à boire céréales banane Natiyo,1,Produits Laitiers,1.2,,0,,,Carrefour,Sousse
Fromage Whey pro protéines goût vanille,1,Produits Laitiers,3.89,,0,,,Carrefour,Ariana
Yaourt à boire pêche abricot Natiyo,1,Produits Laitiers,1.76,,0,,,Carrefour,Tunis
Fromage Whey pro protéines goût café,1,Produits Laitiers,3.89,,0,,,Carrefour,Sousse
Fromage Whey pro protéines goût framboise,1,Produits Laitiers,3.89,,0,,,Carrefour,Ariana
Yaourt aux fruits mûre et myrtille,1,Produits Laitiers,0.87,,0,,,Carrefour,Tunis
Yaourt aux fruits pêche abricot,1,Produits Laitiers,0.87,,0,,,Carrefour,Sousse
Crème dessert montagne de goût chocolat noisette,1,Produits Laitiers,0.9,,0,,,Carrefour,Ariana
Boisson lactée goût fraise banane Danao,1,Produits Laitiers,1.0,,0,,,Carrefour,Tunis
Tomme de Bizerte,1,Produits Laitiers,50.5,,0,,,Carrefour,Sousse
Fromage Pecorino,1,Produits Laitiers,59.6,,0,,,Carrefour,Ariana
Fromage Gouda,1,Produits Laitiers,54.4,,0,,,Carrefour,Tunis
Fromage edam rouge,1,Produits Laitiers,54.4,,0,,,Carrefour,Sousse
Fromage FETA,1,Produits Laitiers,37.5,,0,,,Carrefour,Ariana
Fromage fondu au cheddar,1,Produits Laitiers,4.79,,0,,,Carrefour,Tunis
Fromage fondu sucette Fromagy,1,Produits Laitiers,1.0,,0,,,Carrefour,Sousse
Crème de cuisson,1,Produits Laitiers,4.98,,0,,,Carrefour,Ariana
Fromage camembert traditionnel,1,Produits Laitiers,53.4,,0,,,Carrefour,Tunis
Fromage frais au poivre Rondelé,1,Produits Laitiers,3.3,,0,,,Carrefour,Sousse
Crème de cuisson,1,Produits Laitiers,7.99,,0,,,Carrefour,Ariana
Fromage frais ail & fines herbes Rondelé,1,Produits Laitiers,5.24,,0,,,Carrefour,Tunis
Fromage mozzarelle Boccon,1,Produits Laitiers,7.62,,0,,,Carrefour,Sousse
Sauce cheddar,1,Produits Laitiers,9.48,,0,,,Carrefour,Ariana
Fromage à tartiner nature,1,Produits Laitiers,4.4,,0,,,Carrefour,Tunis
Crème fraîche,1,Produits Laitiers,2.49,,0,,,Carrefour,Sousse
Beurre extra fin,1,Produits Laitiers,45.3,,0,,,Carrefour,Ariana
Yaourt chocolat liégeois,1,Produits Laitiers,0.99,,0,,,Carrefour,Tunis
Fromage à raclette à la truffe,1,Produits Laitiers,71.3,,0,,,Carrefour,Sousse
Fromage à raclette fumé,1,Produits Laitiers,66.3,,0,,,Carrefour,Ariana
Fromage à raclette nature,1,Produits Laitiers,61.2,,0,,,Carrefour,Tunis
Fromage gouda à l'ail noir,1,Produits Laitiers,72.6,,0,,,Carrefour,Sousse
Pack yaourt brassé,1,Produits Laitiers,4.92,,0,,,Carrefour,Ariana
Œufs jaune orange,1,Produits Laitiers,7.79,,0,,,Carrefour,Tunis
Fromage fondu spécial hamburger,1,Produits Laitiers,10.0,,0,,,Carrefour,Sousse
Ricotta demi-sel  5% matière grasse,1,Produits Laitiers,16.9,,0,,,Carrefour,Ariana
Œufs d'or,1,Produits Laitiers,14.25,,0,,,Carrefour,Tunis
Fromage fondu à tartiner Tarti doux,1,Produits Laitiers,5.64,,0,,,Carrefour,Sousse
Yaourt brassé mamzouj citron vert,1,Produits Laitiers,0.6,,0,,,Carrefour,Ariana
Œufs frais jaune-Junior,1,Produits Laitiers,9.99,,0,,,Carrefour,Tunis
Yaourt à boire pêche abricot TipTop,1,Produits Laitiers,1.55,,0,,,Carrefour,Sousse
Fromage mozzarella,1,Produits Laitiers,10.38,,0,,,Carrefour,Ariana
Fromage camembert Couteaux & Plateaux,1,Produits Laitiers,11.59,,0,,,Carrefour,Tunis
Crème dessert Plaisir caramel chocolat,1,Produits Laitiers,0.87,,0,,,Carrefour,Sousse
Fromage frais,1,Produits Laitiers,3.69,,0,,,Carrefour,Tunis
Boisson lactée goût pomme kiwi mangue Danao,1,Produits Laitiers,1.18,,0,,,Carrefour,Sousse
Yaourt à boire Danup fraise hawai bleu,1,Produits Laitiers,1.22,,0,,,Carrefour,Ariana
Yaourt brassé aux fruits secs,1,Produits Laitiers,0.84,,0,,,Carrefour,Tunis
Yaourt à boire Ptit délice fraise,1,Produits Laitiers,0.78,,0,,,Carrefour,Sousse
Yaourt à boire Ptit délice banane biscuit,1,Produits Laitiers,0.78,,0,,,Carrefour,Ariana
Yaourt à boire Danao pêche abricot,1,Produits Laitiers,1.18,,0,,,Carrefour,Tunis
Fromage fondu à tartiner Tarti doux,1,Produits Laitiers,6.29,,0,,,Carrefour,Sousse
Yaourt à boire max aux fruits des bois,1,Produits Laitiers,1.76,,0,,,Carrefour,Ariana
Yaourt le brassé saveur fraise,1,Produits Laitiers,0.84,,0,,,Carrefour,Tunis
Smoothie goût pêche-pomme-poire,1,Produits Laitiers,1.05,,0,,,Carrefour,Sousse
Smoothie saveur exotique,1,Produits Laitiers,1.05,,0,,,Carrefour,Ariana
Lait demi-écrémé sans lactose U.H.T,1,Produits Laitiers,2.55,,0,,,Carrefour,Tunis
Yaourt aux mûres et noix fekia,1,Produits Laitiers,0.95,,0,,,Carrefour,Sousse
Œufs Ovolina frais jaune orange,1,Produits Laitiers,14.41,,0,,,Carrefour,Ariana
Œufs frais omega 3,1,Produits Laitiers,14.29,,0,,,Carrefour,Tunis
Yaourt brassé ananas,1,Produits Laitiers,0.84,,0,,,Carrefour,Sousse
Yaourt brassé pêche abricot,1,Produits Laitiers,0.84,,0,,,Carrefour,Ariana
Fromage Reblochon,1,Produits Laitiers,61.8,,0,,,Carrefour,Tunis
Fromage Burrata,1,Produits Laitiers,13.99,,0,,,Carrefour,Sousse
Fromage fondu à tartiner STREET & CO,1,Produits Laitiers,2.89,,0,,,Carrefour,Ariana
Fromage fondu à tartiner STREET & CO,1,Produits Laitiers,8.89,,0,,,Carrefour,Tunis
Œufs frais jaune jaune ovolina,1,Produits Laitiers,13.17,,0,,,Carrefour,Sousse
Fromage râpé 100% lait,1,Produits Laitiers,16.78,,0,,,Carrefour,Ariana
Portions de fromage,1,Produits Laitiers,14.88,,0,,,Carrefour,Tunis
Râpé 4 fromages,1,Produits Laitiers,25.48,,0,,,Carrefour,Sousse
Fromage carré sans sel,1,Produits Laitiers,37.2,,0,,,Carrefour,Ariana
Œufs Les brunes CHAHIA,1,Produits Laitiers,4.24,,0,,,Carrefour,Tunis
Œufs Les brunes CHAHIA,1,Produits Laitiers,8.55,,0,,,Carrefour,Sousse
Œufs Les brunes CHAHIA,1,Produits Laitiers,16.59,,0,,,Carrefour,Ariana
Yaourt à boire granola VITALAIT,1,Produits Laitiers,0.93,,0,,,Carrefour,Tunis
Fromage rapé LAND'OR,1,Produits Laitiers,13.68,,0,,,Carrefour,Sousse
Lait concentré sucré au lait entier NESTLÉ,1,Produits Laitiers,7.55,,0,,,Carrefour,Ariana
Fromage fondu à l'emmental,1,Produits Laitiers,4.82,,0,,,Carrefour,Tunis
Mozzarella traditionnelle,1,Produits Laitiers,54.7,,0,,,Carrefour,Sousse
Fromage fumé Scamorza,1,Produits Laitiers,26.99,,0,,,Carrefour,Ariana
Fromage rapé Pecorino Romano,1,Produits Laitiers,20.39,,0,,,Carrefour,Tunis
Fromage Granello,1,Produits Laitiers,10.19,,0,,,Carrefour,Sousse
Yaourt à boire pina colada,1,Produits Laitiers,0.94,,0,,,Carrefour,Ariana
Margarine tartine et cuisson,1,Produits Laitiers,23.0,,0,,,Carrefour,Tunis
Plateau de fromage,1,Produits Laitiers,38.9,,0,,,Carrefour,Sousse
Fromage râpé emmental,1,Produits Laitiers,5.98,,0,,,Carrefour,Ariana
Fromage en tranches hamburger,1,Produits Laitiers,2.94,,0,,,Carrefour,Tunis
Fromage tranche Burger cheddar,1,Produits Laitiers,4.86,,0,,,Carrefour,Sousse
Fromage emmental râpé cheese,1,Produits Laitiers,1.28,,0,,,Carrefour,Ariana
Fromage à l'emmental râpé fondant,1,Produits Laitiers,1.99,,0,,,Carrefour,Tunis
Fromage edam,1,Produits Laitiers,0.74,,0,,,Carrefour,Sousse
Fromage frais à la Truffe,1,Produits Laitiers,9.69,,0,,,Carrefour,Ariana
Fromage frais au Saumon fumé,1,Produits Laitiers,9.69,,0,,,Carrefour,Tunis
Salacube,1,Produits Laitiers,13.69,,0,,,Carrefour,Sousse
Fromage frais ail et fines herbes,1,Produits Laitiers,8.28,,0,,,Carrefour,Tunis
Fromage Rainoir à pâte pressée,1,Produits Laitiers,62.5,,0,,,Carrefour,Sousse
Fromage raclette à pâte pressée,1,Produits Laitiers,59.6,,0,,,Carrefour,Ariana
Bûchette fromage au lait de vache,1,Produits Laitiers,11.09,,0,,,Carrefour,Tunis
Ricotta traditionnelle,1,Produits Laitiers,20.5,,0,,,Carrefour,Sousse
Fromage Mozzarelle,1,Produits Laitiers,6.79,,0,,,Carrefour,Ariana
Yaourt orange,1,Produits Laitiers,0.43,,0,,,Carrefour,Tunis
Lait concentré,1,Produits Laitiers,7.69,,0,,,Carrefour,Sousse
Lait concentré sucré,1,Produits Laitiers,19.57,,0,,,Carrefour,Ariana
Boisson lactée goût vanille Délisso,1,Produits Laitiers,0.52,,0,,,Carrefour,Tunis
Boisson lactée goût fraise Délisso,1,Produits Laitiers,0.92,,0,,,Carrefour,Sousse
Fromage râpé,1,Produits Laitiers,9.99,,0,,,Carrefour,Ariana
Boisson lactée  tropical multivitaminé Danao,1,Produits Laitiers,1.0,,0,,,Carrefour,Tunis
Yaourt étuvé citron,1,Produits Laitiers,0.54,,0,,,Carrefour,Sousse
Œufs de caille,1,Produits Laitiers,5.79,,0,,,Carrefour,Ariana
Fromage Mozzarella 100% lait,1,Produits Laitiers,52.8,,0,,,Carrefour,Tunis
Yaourt à boire Danup Mojito Menthe,1,Produits Laitiers,1.2,,0,,,Carrefour,Sousse
Fromage Mozzarella cerises,1,Produits Laitiers,49.6,,0,,,Carrefour,Ariana
Fromage rouge Edam,1,Produits Laitiers,43.99,,0,,,Carrefour,Tunis
Yaourt pomme,1,Produits Laitiers,0.54,,0,,,Carrefour,Sousse
Yaourt fruits exotiques,1,Produits Laitiers,0.54,,0,,,Carrefour,Ariana
Yaourt aromatisé fruits des bois,1,Produits Laitiers,0.54,,0,,,Carrefour,Tunis
Yaourt aromatisé pêche abricot,1,Produits Laitiers,0.54,,0,,,Carrefour,Sousse
Yaourt aromatisé noix de coco,1,Produits Laitiers,0.54,,0,,,Carrefour,Ariana
Yaourt aromatisé fraise,1,Produits Laitiers,0.54,,0,,,Carrefour,Tunis
Yaourt aromatisé vanille,1,Produits Laitiers,0.54,,0,,,Carrefour,Sousse
Yaourt nature,1,Produits Laitiers,0.54,,0,,,Carrefour,Ariana
"Lait caillé ""raieb""",1,Produits Laitiers,1.49,,0,,,Carrefour,Tunis
Boisson lactée pomme et poire,1,Produits Laitiers,0.99,,0,,,Carrefour,Sousse
Crème dessert à boire choco-nuts Plaisir,1,Produits Laitiers,1.39,,0,,,Carrefour,Ariana
Yaourt aromatisé banane,1,Produits Laitiers,0.54,,0,,,Carrefour,Tunis
Fromage râpé spécial gratin,1,Produits Laitiers,5.4,,0,,,Carrefour,Sousse
Fromage à l'Emmental,1,Produits Laitiers,88.5,,0,,,Carrefour,Ariana
Fromage Paella,1,Produits Laitiers,21.6,,0,,,Carrefour,Tunis
Fromage râpé fondu à la Mozzarella,1,Produits Laitiers,24.9,,0,,,Carrefour,Sousse
Mozzarella traditionnelle,1,Produits Laitiers,54.6,,0,,,Carrefour,Ariana
Ricotta,1,Produits Laitiers,14.6,,0,,,Carrefour,Tunis
Fromage sicilien affiné,1,Produits Laitiers,56.3,,0,,,Carrefour,Sousse
Fromage gouda jaune,1,Produits Laitiers,49.6,,0,,,Carrefour,Ariana
Fromage sardaigne frais,1,Produits Laitiers,26.9,,0,,,Carrefour,Tunis
Fromage edam,1,Produits Laitiers,47.6,,0,,,Carrefour,Sousse
Fromage râpé à l'Emmental,1,Produits Laitiers,36.4,,0,,,Carrefour,Ariana
Fromage au Gruyère,1,Produits Laitiers,33.7,,0,,,Carrefour,Tunis
Fromage au Cheddar,1,Produits Laitiers,33.7,,0,,,Carrefour,Sousse
Fromage râpé au Cheddar,1,Produits Laitiers,36.4,,0,,,Carrefour,Ariana
Fromage edam 100% lait,1,Produits Laitiers,59.8,,0,,,Carrefour,Tunis
Bûche de chèvre blanc,1,Produits Laitiers,115.5,,0,,,Carrefour,Sousse
Fromage Gruyère sans sel,1,Produits Laitiers,68.2,,0,,,Carrefour,Ariana
Fromage Bleu,1,Produits Laitiers,107.5,,0,,,Carrefour,Tunis
Fromage edam meule,1,Produits Laitiers,51.9,,0,,,Carrefour,Sousse
Fromage gouda jaune,1,Produits Laitiers,51.9,,0,,,Carrefour,Tunis
Fromage extra edam meule,1,Produits Laitiers,58.6,,0,,,Carrefour,Sousse
Fromage sicilien frais 0% MG,1,Produits Laitiers,26.5,,0,,,Carrefour,Ariana
Fromage râpé au Gruyère,1,Produits Laitiers,33.9,,0,,,Carrefour,Tunis
Fromage au gruyère,1,Produits Laitiers,22.5,,0,,,Carrefour,Sousse
Fromage au cheddar,1,Produits Laitiers,22.5,,0,,,Carrefour,Ariana
Fromage meule pyrénée,1,Produits Laitiers,37.4,,0,,,Carrefour,Tunis
Fromage fondant râpé,1,Produits Laitiers,13.3,,0,,,Carrefour,Sousse
Fromage pour pizza cheese,1,Produits Laitiers,25.2,,0,,,Carrefour,Ariana
Fromage Mozzarella pour pizza,1,Produits Laitiers,16.8,,0,,,Carrefour,Tunis
Préparation alimentaire râpé au Gruyère,1,Produits Laitiers,18.6,,0,,,Carrefour,Sousse
Préparation alimentaire râpé à la Mozzarella,1,Produits Laitiers,17.6,,0,,,Carrefour,Ariana
Préparation alimentaire à la Mozzarella fino,1,Produits Laitiers,17.4,,0,,,Carrefour,Tunis
Fromage gruyère fondu,1,Produits Laitiers,35.9,,0,,,Carrefour,Sousse
Fromage cheddar fondu,1,Produits Laitiers,35.6,,0,,,Carrefour,Ariana
Préparation alimentaire,1,Produits Laitiers,24.9,,0,,,Carrefour,Tunis
Crème fraîche semi-épaisse,1,Produits Laitiers,1.04,,0,,,Carrefour,Sousse
Crème fraîche légère semi-épaisse à 15% de matière grasse,1,Produits Laitiers,3.1,,0,,,Carrefour,Ariana
"Lait caillé ""Raieb""",1,Produits Laitiers,1.69,,0,,,Carrefour,Tunis
"Lait fermenté ""Leben""",1,Produits Laitiers,1.69,,0,,,Carrefour,Sousse
Yaourt dessert zgougou,1,Produits Laitiers,0.95,,0,,,Carrefour,Ariana
Préparation alimentaire fondu,1,Produits Laitiers,3.89,,0,,,Carrefour,Tunis
Nwaser,1,Produits Laitiers,5.5,,0,,,Carrefour,Sousse
Fromage Edam en boule,1,Produits Laitiers,51.9,,0,,,Carrefour,Ariana
Fromage Gruyère,1,Produits Laitiers,63.2,,0,,,Carrefour,Tunis
Fromage râpé mozzarella 100% lait,1,Produits Laitiers,43.9,,0,,,Carrefour,Sousse
Fromage brie de Tebourba,1,Produits Laitiers,61.9,,0,,,Carrefour,Ariana
Fromage sans sel,1,Produits Laitiers,43.5,,0,,,Carrefour,Tunis
Fromage maasdam Hollande,1,Produits Laitiers,59.8,,0,,,Carrefour,Sousse
Yaourt à boire chocolat Plaisir,1,Produits Laitiers,1.05,,0,,,Carrefour,Ariana
Préparation alimentaire à la mozzarella Pizzatella,1,Produits Laitiers,2.25,,0,,,Carrefour,Tunis
Préparation alimentaire à la mozzarella Pizzatella,1,Produits Laitiers,6.79,,0,,,Carrefour,Sousse
4 Fromages râpés Rap'cheez,1,Produits Laitiers,46.9,,0,,,Carrefour,Ariana
Fromage Gouda jaune,1,Produits Laitiers,4.39,,0,,,Carrefour,Tunis
Fromage râpé au gruyère,1,Produits Laitiers,6.68,,0,,,Carrefour,Sousse
Formage mozzarella,1,Produits Laitiers,6.65,,0,,,Carrefour,Ariana
Fromage Edam rouge,1,Produits Laitiers,4.92,,0,,,Carrefour,Tunis
Fromage sicilien affiné,1,Produits Laitiers,4.68,,0,,,Carrefour,Sousse
Fromage râpé à l'emmental,1,Produits Laitiers,37.2,,0,,,Carrefour,Ariana
Fromage Gruyère,1,Produits Laitiers,70.5,,0,,,Carrefour,Tunis
Fromage Chantale noire,1,Produits Laitiers,45.2,,0,,,Carrefour,Sousse
Fromage râpé au gruyère 100% lait,1,Produits Laitiers,59.8,,0,,,Carrefour,Ariana
Fromage salé Sicilien,1,Produits Laitiers,37.2,,0,,,Carrefour,Tunis
Fromage Edam en boule,1,Produits Laitiers,43.9,,0,,,Carrefour,Sousse
Yaourt à boire Natiyo tropical guarana,1,Produits Laitiers,0.94,,0,,,Carrefour,Ariana
Fromage gruyère,1,Produits Laitiers,55.9,,0,,,Carrefour,Tunis
Fromage blanc fondu Carré,1,Produits Laitiers,5.8,,0,,,Carrefour,Sousse
Fromage mozzarella,1,Produits Laitiers,43.5,,0,,,Carrefour,Ariana
Margarine tartine et cuisson,1,Produits Laitiers,2.09,,0,,,Carrefour,Tunis
Préparation alimentaire râpé,1,Produits Laitiers,9.78,,0,,,Carrefour,Sousse
Fromage fondu à tartiner,1,Produits Laitiers,14.59,,0,,,Carrefour,Tunis
Fromage Maasdam Jack Cheese,1,Produits Laitiers,71.5,,0,,,Carrefour,Sousse
Fromage mozzarella,1,Produits Laitiers,36.5,,0,,,Carrefour,Ariana
Fromage mozzarella,1,Produits Laitiers,46.5,,0,,,Carrefour,Tunis
Fromage Sardaigne blanc,1,Produits Laitiers,43.5,,0,,,Carrefour,Sousse
Ricotta traditionnelle,1,Produits Laitiers,3.4,,0,,,Carrefour,Ariana
Crème dessert vanille,1,Produits Laitiers,0.78,,0,,,Carrefour,Tunis
Crème dessert noisette,1,Produits Laitiers,0.78,,0,,,Carrefour,Sousse
Crème dessert chocolat,1,Produits Laitiers,0.78,,0,,,Carrefour,Ariana
Fromage fondu râpé à l'emmental,1,Produits Laitiers,15.99,,0,,,Carrefour,Tunis
Yaourt,1,Produits Laitiers,0.43,,0,,,Carrefour,Sousse
Fromage fondu râpé à l'emmental,1,Produits Laitiers,22.9,,0,,,Carrefour,Ariana
Mozzarella filone,1,Produits Laitiers,45.9,,0,,,Carrefour,Tunis
Fromage 100% mozzarella,1,Produits Laitiers,9.29,,0,,,Carrefour,Sousse
Margarine tartines et cuisson,1,Produits Laitiers,7.59,,0,,,Carrefour,Ariana
Crème dessert Dolce Duo chocolat noisette,1,Produits Laitiers,0.79,,0,,,Carrefour,Tunis
Fromage crème 100% emmental,1,Produits Laitiers,16.98,,0,,,Carrefour,Sousse
Fromage crème 100% cheddar,1,Produits Laitiers,16.98,,0,,,Carrefour,Ariana
Fromage crème 100% emmental,1,Produits Laitiers,9.28,,0,,,Carrefour,Tunis
Fromage crème 100% cheddar,1,Produits Laitiers,9.28,,0,,,Carrefour,Sousse
Fromage râpé fondant à l'emmental,1,Produits Laitiers,24.99,,0,,,Carrefour,Ariana
Fromage mozzarella 100 % lait,1,Produits Laitiers,42.9,,0,,,Carrefour,Tunis
Œufs omiva,1,Produits Laitiers,17.59,,0,,,Carrefour,Sousse
Œufs omiva,1,Produits Laitiers,10.43,,0,,,Carrefour,Ariana
Yaourt à boire maxi banane,1,Produits Laitiers,1.76,,0,,,Carrefour,Tunis
"Yaourt à boire Danup açaï, myrtille, grenade",1,Produits Laitiers,0.95,,0,,,Carrefour,Sousse
Yaourt à boire Danup ananas passion,1,Produits Laitiers,0.95,,0,,,Carrefour,Ariana
Fromage râpé  au cheddar LAND'OR,1,Produits Laitiers,33.2,,0,,,Carrefour,Tunis
Fromage edam,1,Produits Laitiers,51.9,,0,,,Carrefour,Sousse
Fromage à tartiner Tartare,1,Produits Laitiers,4.4,,0,,,Carrefour,Ariana
Gouda au pesto vert Gardeli,1,Produits Laitiers,140.5,,0,,,Carrefour,Tunis
Sidi Salem St Paulin,1,Produits Laitiers,57.5,,0,,,Carrefour,Sousse
Gouda à l'ail noir,1,Produits Laitiers,65.4,,0,,,Carrefour,Ariana
Fromage bleu Danablu,1,Produits Laitiers,116.775,,0,,,Carrefour,Tunis
Fromage Affumicato,1,Produits Laitiers,49.9,,0,,,Carrefour,Sousse
Emmental kaiser,1,Produits Laitiers,72.8,,0,,,Carrefour,Ariana
Crotin de chèvre frais,1,Produits Laitiers,6.1,,0,,,Carrefour,Tunis
Meule edam,1,Produits Laitiers,27.9,,0,,,Carrefour,Sousse
Comte,1,Produits Laitiers,155.5,,0,,,Carrefour,Ariana
Emmental français,1,Produits Laitiers,32.0,,0,,,Carrefour,Tunis
Gouda aux fines herbes,1,Produits Laitiers,64.5,,0,,,Carrefour,Sousse
Mimolette,1,Produits Laitiers,57.5,,0,,,Carrefour,Ariana
Morbier,1,Produits Laitiers,62.3,,0,,,Carrefour,Tunis
Saint Paulin,1,Produits Laitiers,57.3,,0,,,Carrefour,Sousse
Gouda pesto pignon,1,Produits Laitiers,76.5,,0,,,Carrefour,Ariana
Parmiggiano Reggiano,1,Produits Laitiers,211.5,,0,,,Carrefour,Tunis
Fromage campagne,1,Produits Laitiers,49.9,,0,,,Carrefour,Sousse
Fromage extra edam,1,Produits Laitiers,58.6,,0,,,Carrefour,Ariana
Tinaflor,1,Produits Laitiers,46.9,,0,,,Carrefour,Tunis
Provolone,1,Produits Laitiers,59.9,,0,,,Carrefour,Sousse
Gouda grand'or cumin,1,Produits Laitiers,110.9,,0,,,Carrefour,Tunis
Fromage aux piments rouges,1,Produits Laitiers,65.4,,0,,,Carrefour,Sousse
Ricotta meriah,1,Produits Laitiers,19.9,,0,,,Carrefour,Ariana
Sicilien demi sel meriah,1,Produits Laitiers,43.5,,0,,,Carrefour,Tunis
Fromage tomme fleurie,1,Produits Laitiers,62.9,,0,,,Carrefour,Sousse
Morbier,1,Produits Laitiers,61.5,,0,,,Carrefour,Ariana
Gouda old mill,1,Produits Laitiers,161.9,,0,,,Carrefour,Tunis
Fromage pâte molle Ma Buche,1,Produits Laitiers,51.9,,0,,,Carrefour,Sousse
Lait demi écrémé U.H.T,1,Produits Laitiers,1.35,,0,,,Carrefour,Ariana
Formage jaune Gouda,1,Produits Laitiers,55.9,,0,,,Carrefour,Tunis
Fromage rouge Edam,1,Produits Laitiers,55.9,,0,,,Carrefour,Sousse
Yaourt aux morceaux  d'ananas,1,Produits Laitiers,0.84,,0,,,Carrefour,Ariana
Yaourt à boire pomme vanille,1,Produits Laitiers,1.22,,0,,,Carrefour,Tunis
Yaourt à boire fraise,1,Produits Laitiers,1.22,,0,,,Carrefour,Sousse
Yaourt à boire céréales fruits,1,Produits Laitiers,1.22,,0,,,Carrefour,Ariana
Margarine tartine et cuisson,1,Produits Laitiers,9.99,,0,,,Carrefour,Tunis
Pointe de brie,1,Produits Laitiers,13.89,,0,,,Carrefour,Sousse
Mozzarella cerises,1,Produits Laitiers,12.39,,0,,,Carrefour,Ariana
Fromage fondu à tartiner,1,Produits Laitiers,9.79,,0,,,Carrefour,Tunis
Fromage camembert Palet Fou,1,Produits Laitiers,17.39,,0,,,Carrefour,Sousse
Fromage camembert Palet Fort,1,Produits Laitiers,17.39,,0,,,Carrefour,Ariana
Fromage camembert Palet Fin,1,Produits Laitiers,17.39,,0,,,Carrefour,Tunis
Fromage camembert Le Petit Campagnard,1,Produits Laitiers,9.99,,0,,,Carrefour,Sousse
Fromage à raclette,1,Produits Laitiers,6.89,,0,,,Carrefour,Ariana
Margarine tartines et cuisson,1,Produits Laitiers,4.19,,0,,,Carrefour,Tunis
Yaourt à boire aux céréales et fruits,1,Produits Laitiers,0.94,,0,,,Carrefour,Sousse
Emmental cœur de meule,1,Produits Laitiers,11.98,,0,,,Carrefour,Ariana
Fromage râpé à l'emmental,1,Produits Laitiers,14.41,,0,,,Carrefour,Tunis
Pack de yaourts aromatisés Mamzouj fraise & vanille,1,Produits Laitiers,3.35,,0,,,Carrefour,Sousse
Yaourt à boire bifi 0 % fruits des bois,1,Produits Laitiers,1.05,,0,,,Carrefour,Ariana
Yaourt à boire vanille TipTop,1,Produits Laitiers,1.55,,0,,,Carrefour,Tunis
Yaourt à boire fraise TipTop,1,Produits Laitiers,1.55,,0,,,Carrefour,Sousse
Œufs Ovita,1,Produits Laitiers,17.29,,0,,,Carrefour,Ariana
Œufs frais Oméga 3,1,Produits Laitiers,14.39,,0,,,Carrefour,Tunis
Œufs fermiers,1,Produits Laitiers,21.99,,0,,,Carrefour,Sousse
Œufs fermiers,1,Produits Laitiers,11.59,,0,,,Carrefour,Ariana
Yaourt brassé saveur vanille,1,Produits Laitiers,0.43,,0,,,Carrefour,Tunis
Yaourt brassé fraise,1,Produits Laitiers,0.43,,0,,,Carrefour,Ariana
Yaourt bif 0 % aux morceaux de fruits,1,Produits Laitiers,0.9,,0,,,Carrefour,Tunis
Margarines allégée,1,Produits Laitiers,2.39,,0,,,Carrefour,Sousse
Fromage Roquefort,1,Produits Laitiers,24.29,,0,,,Carrefour,Ariana
Les palets de chèvre aromatisés,1,Produits Laitiers,21.99,,0,,,Carrefour,Tunis
La Brique Tradition 31% MG,1,Produits Laitiers,20.39,,0,,,Carrefour,Sousse
Fromage camembert Tradition 45% MG,1,Produits Laitiers,18.69,,0,,,Carrefour,Ariana
Fromage camembert Carthago,1,Produits Laitiers,13.99,,0,,,Carrefour,Tunis
Fromage camembert Carthago,1,Produits Laitiers,11.59,,0,,,Carrefour,Sousse
Fromage camembert,1,Produits Laitiers,28.5,,0,,,Carrefour,Ariana
Fromage camembert Vieux Calife,1,Produits Laitiers,18.59,,0,,,Carrefour,Tunis
Fromage camembert Calife,1,Produits Laitiers,16.99,,0,,,Carrefour,Sousse
Fromage camembert National,1,Produits Laitiers,15.39,,0,,,Carrefour,Tunis
Fromage râpé au cheddar,1,Produits Laitiers,13.68,,0,,,Carrefour,Sousse
Fromage Goutta légère 8%,1,Produits Laitiers,3.19,,0,,,Carrefour,Ariana
Fromage camembert Tomme de Tebourba,1,Produits Laitiers,14.99,,0,,,Carrefour,Tunis
Œufs frais Oméga 3,1,Produits Laitiers,16.8,,0,,,Carrefour,Sousse
Yaourt nature sans sucre Mio,1,Produits Laitiers,0.95,,0,,,Carrefour,Ariana
Fromage fondu 100% emmental,1,Produits Laitiers,5.59,,0,,,Carrefour,Tunis
Frmage fondu 100% emmental,1,Produits Laitiers,7.88,,0,,,Carrefour,Sousse
Fromage fondu 100% emmental,1,Produits Laitiers,5.24,,0,,,Carrefour,Ariana
Yaourt saveur vanille Maxi,1,Produits Laitiers,1.76,,0,,,Carrefour,Tunis
Yaourt saveur fraise Maxi,1,Produits Laitiers,1.76,,0,,,Carrefour,Sousse
Yaourt brassé vanille Ptit'Top,1,Produits Laitiers,0.43,,0,,,Carrefour,Ariana
Yaourt brassé fraise Ptit'Top,1,Produits Laitiers,0.43,,0,,,Carrefour,Tunis
Yaourt brassé abricot Ptit'Top,1,Produits Laitiers,0.43,,0,,,Carrefour,Sousse
Œufs frais jaune jaune Adhayma,1,Produits Laitiers,13.44,,0,,,Carrefour,Ariana
Crème dessert noisette Dolce,1,Produits Laitiers,0.78,,0,,,Carrefour,Tunis
Fromage râpé à l'emmental,1,Produits Laitiers,5.96,,0,,,Carrefour,Sousse
Boisson lactée goût fraise Laitgo,1,Produits Laitiers,0.52,,0,,,Carrefour,Ariana
Boisson lactée goût chocolat Laitgo,1,Produits Laitiers,0.52,,0,,,Carrefour,Tunis
Lait écrémé 0% matière grasse U.H.T,1,Produits Laitiers,2.3,,0,,,Carrefour,Sousse
Pack de yaourts aromatisés fraise vanille,1,Produits Laitiers,5.29,,0,,,Carrefour,Ariana
Crème dessert chocolat Danette,1,Produits Laitiers,0.78,,0,,,Carrefour,Tunis
Fromage fondu à tartiner Milkana,1,Produits Laitiers,15.75,,0,,,Carrefour,Sousse
Fromage râpé fondu au gruyère,1,Produits Laitiers,35.38,,0,,,Carrefour,Ariana
Préparation alimentaire râpée,1,Produits Laitiers,1.05,,0,,,Carrefour,Tunis
Crème fouettée végétale,1,Produits Laitiers,18.99,,0,,,Carrefour,Sousse
Boisson lactée  vanille Délisso,1,Produits Laitiers,0.92,,0,,,Carrefour,Ariana
Lait demi-écrémé U.H.T,1,Produits Laitiers,1.35,,0,,,Carrefour,Tunis
Crème fraîche,1,Produits Laitiers,2.69,,0,,,Carrefour,Sousse
Crème fraîche,1,Produits Laitiers,5.39,,0,,,Carrefour,Ariana
Crème dessert Dolce zgougou,1,Produits Laitiers,0.9,,0,,,Carrefour,Ariana
Crème dessert Danette vanille,1,Produits Laitiers,0.78,,0,,,Carrefour,Tunis
Œufs frais Oméga 3,1,Produits Laitiers,4.39,,0,,,Carrefour,Sousse
Crème dessert Le Grand Dessert,1,Produits Laitiers,0.85,,0,,,Carrefour,Ariana
Fromage slice Light,1,Produits Laitiers,17.99,,0,,,Carrefour,Tunis
Fromage slice Dégustation,1,Produits Laitiers,19.99,,0,,,Carrefour,Sousse
Œufs frais Oméga 3,1,Produits Laitiers,7.99,,0,,,Carrefour,Ariana
Bûche de chèvre affinée,1,Produits Laitiers,26.9,,0,,,Carrefour,Tunis
Boisson lactée goût chocolat Wake up,1,Produits Laitiers,1.59,,0,,,Carrefour,Sousse
Margarines à l'huile d'olive,1,Produits Laitiers,3.05,,0,,,Carrefour,Ariana
Fromage à pâte pressée cuite Comté,1,Produits Laitiers,34.67,,0,,,Carrefour,Tunis
Fromage gruyère Le Dégustation,1,Produits Laitiers,27.53,,0,,,Carrefour,Sousse
Fromage blanc fondu Mon Carré,1,Produits Laitiers,5.98,,0,,,Carrefour,Ariana
Fromage Edam,1,Produits Laitiers,9.33,,0,,,Carrefour,Tunis
Fromage à l'emmental Croque',1,Produits Laitiers,2.6,,0,,,Carrefour,Sousse
Fromage râpé  Grana Padano,1,Produits Laitiers,15.99,,0,,,Carrefour,Ariana
Crème dessert Plaisir zgougou,1,Produits Laitiers,0.88,,0,,,Carrefour,Tunis
Crème dessert Dolce chocolat,1,Produits Laitiers,0.78,,0,,,Carrefour,Sousse
Mousse au chocolat Plaisir,1,Produits Laitiers,0.79,,0,,,Carrefour,Tunis
Flan dessert,1,Produits Laitiers,0.8,,0,,,Carrefour,Sousse
Yaourt nature,1,Produits Laitiers,0.55,,0,,,Carrefour,Ariana
Œufs frais jaune orange+,1,Produits Laitiers,14.99,,0,,,Carrefour,Tunis
Pack de yaourts à boire Danup vanille,1,Produits Laitiers,5.65,,0,,,Carrefour,Sousse
Pack de yaourts à boire Danup fraise,1,Produits Laitiers,5.65,,0,,,Carrefour,Ariana
Pack de fromages frais Danino nature sucré,1,Produits Laitiers,3.42,,0,,,Carrefour,Tunis
Boisson lactée pêche abricot Vitalio,1,Produits Laitiers,0.99,,0,,,Carrefour,Sousse
Crème fouettée pâtisserie et cuisine,1,Produits Laitiers,44.59,,0,,,Carrefour,Ariana
Beurre extra fin,1,Produits Laitiers,3.89,,0,,,Carrefour,Tunis
Yaourt à boire Danup fraise,1,Produits Laitiers,0.95,,0,,,Carrefour,Sousse
Yaourt aromatisé Activia aux morceaux de pêche,1,Produits Laitiers,0.9,,0,,,Carrefour,Ariana
Lait demi-écrémé U.H.T,1,Produits Laitiers,0.93,,0,,,Carrefour,Tunis
Fromage râpé 100%  Emmental,1,Produits Laitiers,6.99,,0,,,Carrefour,Sousse
Fromage blanc fondu Mon Carré,1,Produits Laitiers,10.66,,0,,,Carrefour,Ariana
Fromage à raclette,1,Produits Laitiers,39.99,,0,,,Carrefour,Tunis
Fromage et biscuits croustillants Goûter,1,Produits Laitiers,3.26,,0,,,Carrefour,Sousse
Fromage râpé fondant à l'emmental,1,Produits Laitiers,13.89,,0,,,Carrefour,Ariana
Fromage camembert,1,Produits Laitiers,25.49,,0,,,Carrefour,Tunis
Fromage l'Emmental français en portion,1,Produits Laitiers,29.74,,0,,,Carrefour,Sousse
Fromage Mascarpone,1,Produits Laitiers,19.99,,0,,,Carrefour,Ariana
Pointe de Brie,1,Produits Laitiers,21.41,,0,,,Carrefour,Tunis
Fromage camembert au lait,1,Produits Laitiers,16.49,,0,,,Carrefour,Sousse
Fromage râpé Rap'cheese 100% lait,1,Produits Laitiers,49.9,,0,,,Carrefour,Ariana
Œufs fermiers frais rustiques,1,Produits Laitiers,10.5,,0,,,Carrefour,Tunis
Œufs fermiers frais rustiques,1,Produits Laitiers,6.4,,0,,,Carrefour,Sousse
Fromage fondu à tartiner,1,Produits Laitiers,9.59,,0,,,Carrefour,Ariana
Préparation alimentaire fondu,1,Produits Laitiers,5.4,,0,,,Carrefour,Tunis
Fromage frais à tartiner Milkana Tarti'frais,1,Produits Laitiers,5.29,,0,,,Carrefour,Sousse
Fromage frais à tartiner Milkana Tarti'frais,1,Produits Laitiers,3.05,,0,,,Carrefour,Ariana
Pack de yaourts aromatisés aux fruits & morceaux de pêche,1,Produits Laitiers,6.59,,0,,,Carrefour,Tunis
Fromage râpé Mix Di Fiore,1,Produits Laitiers,11.33,,0,,,Carrefour,Sousse
Fromage Goutta du Nord,1,Produits Laitiers,6.39,,0,,,Carrefour,Ariana
Yaourt panaché,1,Produits Laitiers,0.74,,0,,,Carrefour,Tunis
Fromage fondu spécial hamburger,1,Produits Laitiers,4.19,,0,,,Carrefour,Sousse
Yaourt aromatisé aux fruits avec morceaux de pêches,1,Produits Laitiers,0.84,,0,,,Carrefour,Ariana
Crème dessert Danette Liégeois chocolat,1,Produits Laitiers,0.84,,0,,,Carrefour,Tunis
Boisson lactée pêche abricot Nati,1,Produits Laitiers,0.95,,0,,,Carrefour,Sousse
Fromage ricotta à tartiner,1,Produits Laitiers,5.58,,0,,,Carrefour,Ariana
Yaourt à boire fraise,1,Produits Laitiers,0.74,,0,,,Carrefour,Tunis
Préparation alimentaire fondu,1,Produits Laitiers,1.52,,0,,,Carrefour,Sousse
Préparation alimentaire râpée,1,Produits Laitiers,12.49,,0,,,Carrefour,Ariana
Yaourt à boire Natiyo vanille,1,Produits Laitiers,2.05,,0,,,Carrefour,Tunis
Yaourt à boire Natiyo fraise,1,Produits Laitiers,2.05,,0,,,Carrefour,Sousse
Fromage râpé au gruyère,1,Produits Laitiers,4.84,,0,,,Carrefour,Ariana
Œufs frais good morning,1,Produits Laitiers,14.4,,0,,,Carrefour,Tunis
"Lait fermenté ""Leben""",1,Produits Laitiers,1.59,,0,,,Carrefour,Sousse
Yaourt à boire Natiyo vanille,1,Produits Laitiers,0.94,,0,,,Carrefour,Ariana
Margarine riche en Omega 3,1,Produits Laitiers,2.88,,0,,,Carrefour,Tunis
Pack de crèmes desserts Dolce chocolat et noisettes,1,Produits Laitiers,6.09,,0,,,Carrefour,Sousse
Fromage Goutta du Nord,1,Produits Laitiers,4.56,,0,,,Carrefour,Tunis
Crème dessert flan caramel  Danette,1,Produits Laitiers,0.8,,0,,,Carrefour,Sousse
Fromage fondu au cheddar,1,Produits Laitiers,7.99,,0,,,Carrefour,Ariana
Fromage fondu à l'emmental Croque',1,Produits Laitiers,7.99,,0,,,Carrefour,Tunis
Pack de crèmes desserts Dolce Liégeois chocolat Suisse,1,Produits Laitiers,6.09,,0,,,Carrefour,Sousse
Préparation alimentaire fondu,1,Produits Laitiers,4.08,,0,,,Carrefour,Ariana
Pack boissons lactées pêche abricot Danao,1,Produits Laitiers,5.95,,0,,,Carrefour,Tunis
Œufs frais adhayma EL BRIKA,1,Produits Laitiers,13.35,,0,,,Carrefour,Sousse
Fromage à tartiner Light,1,Produits Laitiers,3.92,,0,,,Carrefour,Ariana
Mini bûche de chèvre au poivre,1,Produits Laitiers,13.69,,0,,,Carrefour,Tunis
Mini bûche de chèvre nature,1,Produits Laitiers,14.99,,0,,,Carrefour,Sousse
Fromage de chèvre à tartiner à l'ail & aux fines herbes,1,Produits Laitiers,18.49,,0,,,Carrefour,Ariana
Crème fraîche,1,Produits Laitiers,2.55,,0,,,Carrefour,Tunis
Fromage crémeux et léger Mon Carré Fraîcheur,1,Produits Laitiers,9.89,,0,,,Carrefour,Sousse
Fromage crémeux et léger Mon Carré Fraîcheur,1,Produits Laitiers,5.82,,0,,,Carrefour,Ariana
Fromage crémeux et léger Mon Carré Fraîcheur,1,Produits Laitiers,3.48,,0,,,Carrefour,Tunis
Fromage Gorgonzola,1,Produits Laitiers,19.59,,0,,,Carrefour,Sousse
Fromage Parmigiano Reggiano,1,Produits Laitiers,29.99,,0,,,Carrefour,Ariana
Fromage Grana Padano,1,Produits Laitiers,23.59,,0,,,Carrefour,Tunis
Fromage bleu danois,1,Produits Laitiers,12.84,,0,,,Carrefour,Sousse
Fromage de chèvre à tartiner,1,Produits Laitiers,17.49,,0,,,Carrefour,Ariana
Fromage 50% chèvre 50% vache Bûchette Duo,1,Produits Laitiers,18.69,,0,,,Carrefour,Tunis
Fromage à l'Emmental en portion,1,Produits Laitiers,31.99,,0,,,Carrefour,Sousse
Fromage au miel  La Bûchette De Chèvre,1,Produits Laitiers,18.49,,0,,,Carrefour,Ariana
Fromage frais à tartiner enrichi en calcium et vitamine D Fraidoux,1,Produits Laitiers,3.38,,0,,,Carrefour,Tunis
Préparation alimentaire à base des huiles végétales Le Fondant,1,Produits Laitiers,2.68,,0,,,Carrefour,Sousse
Crème chantilly spéciale dessert,1,Produits Laitiers,25.81,,0,,,Carrefour,Ariana
Fromage Le Petit Moulé à l'ail & aux fines herbes,1,Produits Laitiers,10.19,,0,,,Carrefour,Tunis
Fromage Le Petit Moulé à l'ail & aux fines herbes,1,Produits Laitiers,15.29,,0,,,Carrefour,Sousse
Fromage Le Petit Moulé nature,1,Produits Laitiers,14.59,,0,,,Carrefour,Ariana
Fromage fouetté Madame Loïk saumon ciboulette,1,Produits Laitiers,17.33,,0,,,Carrefour,Tunis
Fromage fouetté Madame Loïk nature,1,Produits Laitiers,17.33,,0,,,Carrefour,Sousse
Fromage fouetté Madame Loïk à l'ail & aux fines herbes,1,Produits Laitiers,17.33,,0,,,Carrefour,Ariana
Fromage râpé spécial gratin emmental et gouda,1,Produits Laitiers,22.49,,0,,,Carrefour,Tunis
Fromage râpé à l'emmental,1,Produits Laitiers,12.23,,0,,,Carrefour,Sousse
Yaourt bifi 0% citron,1,Produits Laitiers,0.74,,0,,,Carrefour,Ariana
Fromage fondu à l'Emmental Mini',1,Produits Laitiers,0.53,,0,,,Carrefour,Tunis
Fromage fondu à tartiner saveur emmental,1,Produits Laitiers,8.83,,0,,,Carrefour,Sousse
Fromage et biscuits croustillants Goûter,1,Produits Laitiers,0.9,,0,,,Carrefour,Ariana
Fromage fondu à tartiner saveur emmental,1,Produits Laitiers,6.58,,0,,,Carrefour,Tunis
Fromage fondu à tartiner saveur emmental,1,Produits Laitiers,3.06,,0,,,Carrefour,Sousse
Fromage fondu Le Cuistot Emmental,1,Produits Laitiers,4.26,,0,,,Carrefour,Ariana
Fromage fondu Le Cuistot à la crème,1,Produits Laitiers,5.13,,0,,,Carrefour,Tunis
Fromage ricotta à tartiner,1,Produits Laitiers,3.16,,0,,,Carrefour,Sousse
Préparation alimentaire fondante et filante Mozza Fino,1,Produits Laitiers,2.45,,0,,,Carrefour,Ariana
Fromage Goutta du Nord,1,Produits Laitiers,3.19,,0,,,Carrefour,Tunis
Pack de crèmes desserts Danette chocolat & noisettes pralinées,1,Produits Laitiers,6.09,,0,,,Carrefour,Sousse
Pack de fromages blancs frais Danino nature sucré,1,Produits Laitiers,6.83,,0,,,Carrefour,Ariana
Pack de yaourts natures,1,Produits Laitiers,6.39,,0,,,Carrefour,Tunis
Œufs frais Ovita,1,Produits Laitiers,9.99,,0,,,Carrefour,Sousse
Margarine tartine et cuisson,1,Produits Laitiers,2.5,,0,,,Carrefour,Tunis
Margarine riche en Oméga 3,1,Produits Laitiers,5.69,,0,,,Carrefour,Sousse
Margarines riche en oméga 3,1,Produits Laitiers,3.1,,0,,,Carrefour,Ariana
Yaourt à boire Vit'up Max pommes vanille,1,Produits Laitiers,1.2,,0,,,Carrefour,Tunis
Fromage blanc Le Cuistot,1,Produits Laitiers,8.99,,0,,,Carrefour,Sousse
Fromage fondu Le Cuistot Emmental,1,Produits Laitiers,7.59,,0,,,Carrefour,Ariana
Fromage fondu à tartiner,1,Produits Laitiers,5.93,,0,,,Carrefour,Tunis
Margarine riche en oméga 3 sans acides gras et sans cholestérol,1,Produits Laitiers,5.55,,0,,,Carrefour,Sousse
Préparation alimentaire Goutella nature à base de lait frais,1,Produits Laitiers,2.87,,0,,,Carrefour,Ariana
Fromage camembert,1,Produits Laitiers,28.55,,0,,,Carrefour,Tunis
Pack de crèmes desserts Danette chocolat,1,Produits Laitiers,6.09,,0,,,Carrefour,Sousse
Fromage frais nature Rondelé,1,Produits Laitiers,5.4,,0,,,Carrefour,Ariana
Fromage râpé spécial tajine cheddar et sicilien,1,Produits Laitiers,5.19,,0,,,Carrefour,Tunis
Fromage fondu à la mozzarella,1,Produits Laitiers,4.86,,0,,,Carrefour,Sousse
Fromage fondu à tartiner,1,Produits Laitiers,7.98,,0,,,Carrefour,Ariana
Fromage fondu à tartiner,1,Produits Laitiers,16.2,,0,,,Carrefour,Tunis
Yaourt à boire Vitupti pommes vanille,1,Produits Laitiers,0.78,,0,,,Carrefour,Sousse
Yaourt à boire Vitupti à la pulpe de fraise,1,Produits Laitiers,0.78,,0,,,Carrefour,Ariana
Préparation alimentaire Goutella  à base de lait frais,1,Produits Laitiers,7.63,,0,,,Carrefour,Tunis
Préparation alimentaire Goutella à base de lait frais,1,Produits Laitiers,11.98,,0,,,Carrefour,Sousse
Fromage fondu à tartiner,1,Produits Laitiers,5.99,,0,,,Carrefour,Ariana
Boisson lactée pêche abricot Danao,1,Produits Laitiers,1.0,,0,,,Carrefour,Tunis
Œufs frais Oméga 3,1,Produits Laitiers,9.59,,0,,,Carrefour,Ariana
Fromage frais à tartiner Fraidoux,1,Produits Laitiers,4.59,,0,,,Carrefour,Tunis
"Lait caillé ""Raieb""",1,Produits Laitiers,1.49,,0,,,Carrefour,Sousse
"Lait fermenté ""Leben""",1,Produits Laitiers,1.49,,0,,,Carrefour,Ariana
Fromage fondu spécial croque-monsieur,1,Produits Laitiers,4.29,,0,,,Carrefour,Tunis
Margarine tartine et cuisson,1,Produits Laitiers,10.8,,0,,,Carrefour,Sousse
Fromage râpé spécial pâte emmental et cheddar,1,Produits Laitiers,5.19,,0,,,Carrefour,Ariana
Crème dessert Danette praliné aux noisettes,1,Produits Laitiers,0.78,,0,,,Carrefour,Tunis
Yaourt à boire Danup vanille,1,Produits Laitiers,0.95,,0,,,Carrefour,Sousse
Fromage fondu au cheddar,1,Produits Laitiers,2.42,,0,,,Carrefour,Ariana
Fromage fondu à l'emmental Croque',1,Produits Laitiers,4.93,,0,,,Carrefour,Tunis
Fromage fondu à tartiner,1,Produits Laitiers,3.03,,0,,,Carrefour,Sousse
Œufs frais jaune orange+,1,Produits Laitiers,3.38,,0,,,Carrefour,Ariana
Œufs frais jaune orange+,1,Produits Laitiers,8.1,,0,,,Carrefour,Tunis
Margarine tartine et cuisson,1,Produits Laitiers,5.5,,0,,,Carrefour,Sousse
Fromage frais à tartiner Fraidoux,1,Produits Laitiers,3.16,,0,,,Carrefour,Ariana
Fromage fondu à tartiner La Fondue,1,Produits Laitiers,4.62,,0,,,Carrefour,Tunis
Lait écrémé 0% matière grasse U.H.T,1,Produits Laitiers,2.25,,0,,,Carrefour,Sousse
Margarine tartine et cuisson,1,Produits Laitiers,3.0,,0,,,Carrefour,Ariana
Fromage fondu cheddar,1,Produits Laitiers,1.59,,0,,,Carrefour,Tunis
Fromage fondu à l'Emmental Famili',1,Produits Laitiers,5.18,,0,,,Carrefour,Sousse
Fromage fondu à l'Emmental  Maxi',1,Produits Laitiers,1.52,,0,,,Carrefour,Ariana
Fromage fondu spécial hamburger,1,Produits Laitiers,4.29,,0,,,Carrefour,Tunis
Fromage fondu spécial sandwich,1,Produits Laitiers,4.29,,0,,,Carrefour,Sousse
Fromage râpé au gruyère avec zip,1,Produits Laitiers,5.68,,0,,,Carrefour,Ariana
Fromage râpé au gruyère avec zip,1,Produits Laitiers,6.49,,0,,,Carrefour,Tunis
Margarine tartine et cuisson,1,Produits Laitiers,5.64,,0,,,Carrefour,Sousse
Fromage blanc fondu,1,Produits Laitiers,4.3,,0,,,Carrefour,Tunis
Fromage blanc fondu Carré,1,Produits Laitiers,3.54,,0,,,Carrefour,Sousse
Fromage fondu à tartiner,1,Produits Laitiers,8.5,,0,,,Carrefour,Ariana
Lait entier U.H.T,1,Produits Laitiers,2.57,,0,,,Carrefour,Tunis
Œufs frais jaune orange+,1,Produits Laitiers,7.09,,0,,,Carrefour,Sousse
Beurre extra fin,1,Produits Laitiers,3.85,,0,,,Carrefour,Ariana
Fromage fondu à tartiner,1,Produits Laitiers,5.85,,0,,,Carrefour,Sousse
Margarine tartine et cuisson,1,Produits Laitiers,4.65,,0,,,Carrefour,Ariana
Margarine tartine et cuisson,1,Produits Laitiers,1.36,,0,,,Carrefour,Tunis
Lait demi-écrémé U.H.T,1,Produits Laitiers,1.3,,0,,,Carrefour,Sousse
Fromage Jockey nature sucré,1,Produits Laitiers,0.95,,0,,,Carrefour,Ariana
Lait concentré sucré,1,Produits Laitiers,7.67,,0,,,Carrefour,Tunis
Lait concentré sucré au lait entier,1,Produits Laitiers,7.59,,0,,,Carrefour,Sousse
Fromage fondu à tartiner,1,Produits Laitiers,3.5,,0,,,Carrefour,Ariana
Crème dessert Plaisir chocolat,1,Produits Laitiers,0.79,,0,,,Carrefour,Tunis
Fromage fondu à tartiner,1,Produits Laitiers,12.99,,0,,,Carrefour,Sousse
Fromage râpé à l'emmental avec zip,1,Produits Laitiers,24.79,,0,,,Carrefour,Ariana
Crème fraîche semi épaisse à 30% de matière grasse,1,Produits Laitiers,3.1,,0,,,Carrefour,Tunis
Boisson lactée goût chocolat Délisso,1,Produits Laitiers,0.92,,0,,,Carrefour,Sousse
Lait  Délisso demi-écrémé U.H.T,1,Produits Laitiers,2.3,,0,,,Carrefour,Ariana
Beurre extra fin,1,Produits Laitiers,7.59,,0,,,Carrefour,Sousse
Fromage blanc fondu Mon Carré,1,Produits Laitiers,4.44,,0,,,Carrefour,Ariana
Fromage blanc fondu Mon Carré,1,Produits Laitiers,3.44,,0,,,Carrefour,Tunis
Œufs frais jaune orange+,1,Produits Laitiers,12.89,,0,,,Carrefour,Sousse
Fromage blanc brassé sans sucre ONCTINA,1,Produits Laitiers,7.58,,0,,,Carrefour,Ariana
Fromage ricotta à tartiner,1,Produits Laitiers,4.49,,0,,,Carrefour,Tunis
Ricotta traditonnelle à tartiner,1,Produits Laitiers,8.68,,0,,,Carrefour,Sousse
Fromage râpé fondant à l'emmental,1,Produits Laitiers,4.99,,0,,,Carrefour,Ariana
Yaourt à boire Natiyo fraise,1,Produits Laitiers,0.94,,0,,,Carrefour,Tunis
Crème fraîche La Dosette,1,Produits Laitiers,11.99,,0,,,Carrefour,Sousse
Cardon,2,Fruits et Légumes,1.725,,0,,,Carrefour,Tunis
Blettes,2,Fruits et Légumes,0.89,,0,,,Carrefour,Sousse
Tomate allongée,2,Fruits et Légumes,1.61,,0,,,Carrefour,Ariana
Aneth,2,Fruits et Légumes,1.035,,0,,,Carrefour,Tunis
Borghel fin,2,Fruits et Légumes,4.79,,0,,,Carrefour,Sousse
Tomates Cerises cherry,2,Fruits et Légumes,3.6,,0,,,Carrefour,Ariana
Laitue Romaine,2,Fruits et Légumes,1.15,,0,,,Carrefour,Tunis
Estragon frais en barquette,2,Fruits et Légumes,4.5,,0,,,Carrefour,Sousse
Oignon blanc en barquette,2,Fruits et Légumes,4.9,,0,,,Carrefour,Ariana
Basilic en barquette,2,Fruits et Légumes,2.3,,0,,,Carrefour,Tunis
Salade julienne carotte,2,Fruits et Légumes,2.7,,0,,,Carrefour,Sousse
Salade méditerranéenne,2,Fruits et Légumes,4.5,,0,,,Carrefour,Ariana
Tomate séchée sans sel en  barquette,2,Fruits et Légumes,2.99,,0,,,Carrefour,Tunis
Poivron rouge,2,Fruits et Légumes,1.495,,0,,,Carrefour,Sousse
Sauge,2,Fruits et Légumes,2.5,,0,,,Carrefour,Ariana
Tomate ronde,2,Fruits et Légumes,1.725,,0,,,Carrefour,Tunis
Carottes sans fanes en barquette,2,Fruits et Légumes,2.5,,0,,,Carrefour,Sousse
Ciboulette en barquette,2,Fruits et Légumes,1.75,,0,,,Carrefour,Ariana
Piment fort,2,Fruits et Légumes,0.99,,0,,,Carrefour,Tunis
Tomate cerise Bicolore en barquette,2,Fruits et Légumes,3.99,,0,,,Carrefour,Sousse
Piment de Cayenne,2,Fruits et Légumes,3.45,,0,,,Carrefour,Ariana
Epinard en Botte,2,Fruits et Légumes,0.89,,0,,,Carrefour,Tunis
Ail en Filet,2,Fruits et Légumes,1.39,,0,,,Carrefour,Sousse
Oignon rouge en barquette,2,Fruits et Légumes,2.9,,0,,,Carrefour,Ariana
Fenouil avec fane,2,Fruits et Légumes,12.99,,0,,,Carrefour,Tunis
Champignon slice petit,2,Fruits et Légumes,21.8,,0,,,Carrefour,Sousse
Tomate cerise,2,Fruits et Légumes,9.9,,0,,,Carrefour,Ariana
Endive,2,Fruits et Légumes,11.5,,0,,,Carrefour,Tunis
Tomates séchées à l'huile,2,Fruits et Légumes,23.9,,0,,,Carrefour,Sousse
Piment de Cayenne vert,2,Fruits et Légumes,10.5,,0,,,Carrefour,Ariana
Piment Mexicain,2,Fruits et Légumes,10.5,,0,,,Carrefour,Tunis
Pâte d'ail,2,Fruits et Légumes,15.7,,0,,,Carrefour,Sousse
Piment de cayenne rouge,2,Fruits et Légumes,11.5,,0,,,Carrefour,Ariana
Fèves,2,Fruits et Légumes,8.5,,0,,,Carrefour,Tunis
Févettes,2,Fruits et Légumes,3.9,,0,,,Carrefour,Sousse
Lentilles décortiquées,2,Fruits et Légumes,9.9,,0,,,Carrefour,Ariana
Maïs,2,Fruits et Légumes,5.0,,0,,,Carrefour,Tunis
Haricot rouge,2,Fruits et Légumes,11.5,,0,,,Carrefour,Sousse
Tomate cerise pralinen,2,Fruits et Légumes,3.6,,0,,,Carrefour,Ariana
Tomate cerise allongée en barquette,2,Fruits et Légumes,3.6,,0,,,Carrefour,Tunis
Champignons slices,2,Fruits et Légumes,21.25,,0,,,Carrefour,Sousse
Champignon entier,2,Fruits et Légumes,20.6,,0,,,Carrefour,Ariana
Ail rouge,2,Fruits et Légumes,9.77,,0,,,Carrefour,Tunis
Fèves fraîches,2,Fruits et Légumes,2.875,,0,,,Carrefour,Sousse
Tomate Cocktail,2,Fruits et Légumes,3.3,,0,,,Carrefour,Ariana
Radis rose,2,Fruits et Légumes,2.3,,0,,,Carrefour,Tunis
Champignon entier,2,Fruits et Légumes,20.0,,0,,,Carrefour,Sousse
Piment fort rouge,2,Fruits et Légumes,3.45,,0,,,Carrefour,Ariana
Salade rouge,2,Fruits et Légumes,2.3,,0,,,Carrefour,Tunis
Salade verte,2,Fruits et Légumes,2.07,,0,,,Carrefour,Sousse
Cornichon,2,Fruits et Légumes,4.025,,0,,,Carrefour,Tunis
Roquette en barquette,2,Fruits et Légumes,5.9,,0,,,Carrefour,Sousse
Epinard en barquette,2,Fruits et Légumes,7.0,,0,,,Carrefour,Ariana
Courge ronde,2,Fruits et Légumes,2.07,,0,,,Carrefour,Tunis
Fenouil sans fanes,2,Fruits et Légumes,5.6,,0,,,Carrefour,Sousse
Tomate allongée,2,Fruits et Légumes,1.495,,0,,,Carrefour,Ariana
Potiron coupé emballé,2,Fruits et Légumes,9.9,,0,,,Carrefour,Tunis
Pomme de terre douce,2,Fruits et Légumes,6.9,,0,,,Carrefour,Sousse
Poivron carré,2,Fruits et Légumes,6.9,,0,,,Carrefour,Ariana
Poireau,2,Fruits et Légumes,3.45,,0,,,Carrefour,Tunis
Piment Baklouti,2,Fruits et Légumes,2.875,,0,,,Carrefour,Sousse
Piment fort,2,Fruits et Légumes,3.33,,0,,,Carrefour,Ariana
Oignon rouge sans fanes,2,Fruits et Légumes,1.495,,0,,,Carrefour,Tunis
Oignon Rebii demi fanes,2,Fruits et Légumes,2.99,,0,,,Carrefour,Sousse
Navet demi fanes,2,Fruits et Légumes,2.3,,0,,,Carrefour,Ariana
Haricot vert,2,Fruits et Légumes,11.5,,0,,,Carrefour,Tunis
Épinard,2,Fruits et Légumes,4.6,,0,,,Carrefour,Sousse
Courgette,2,Fruits et Légumes,4.6,,0,,,Carrefour,Ariana
Carotte sans fanes,2,Fruits et Légumes,2.875,,0,,,Carrefour,Tunis
Betterave,2,Fruits et Légumes,3.45,,0,,,Carrefour,Sousse
Chou-rave,2,Fruits et Légumes,3.45,,0,,,Carrefour,Ariana
Aubergine,2,Fruits et Légumes,4.6,,0,,,Carrefour,Tunis
Ail sec,2,Fruits et Légumes,11.5,,0,,,Carrefour,Sousse
Pois chiche,2,Fruits et Légumes,10.9,,0,,,Carrefour,Ariana
Lentilles vertes,2,Fruits et Légumes,9.5,,0,,,Carrefour,Tunis
Haricot Lingot,2,Fruits et Légumes,9.5,,0,,,Carrefour,Sousse
Tomate cerise en barquette,2,Fruits et Légumes,5.9,,0,,,Carrefour,Ariana
Brocoli en barquette,2,Fruits et Légumes,13.5,,0,,,Carrefour,Tunis
Pois chiches trempés,2,Fruits et Légumes,3.6,,0,,,Carrefour,Sousse
Persil haché en barquette,2,Fruits et Légumes,2.0,,0,,,Carrefour,Tunis
Haricot blanc prêt à cuir,2,Fruits et Légumes,3.5,,0,,,Carrefour,Sousse
Courge nettoyée en barquette,2,Fruits et Légumes,3.3,,0,,,Carrefour,Ariana
Salade Contadina,2,Fruits et Légumes,4.5,,0,,,Carrefour,Tunis
Piments séchés,2,Fruits et Légumes,5.92,,0,,,Carrefour,Sousse
Roquette fraiche en barquette,2,Fruits et Légumes,5.9,,0,,,Carrefour,Ariana
Haricot vert en barquette,2,Fruits et Légumes,11.2,,0,,,Carrefour,Tunis
Epinard en barquette,2,Fruits et Légumes,6.9,,0,,,Carrefour,Sousse
Oignon en barquette,2,Fruits et Légumes,4.9,,0,,,Carrefour,Ariana
Ail pelé,2,Fruits et Légumes,5.1,,0,,,Carrefour,Tunis
Chou rouge,2,Fruits et Légumes,2.3,,0,,,Carrefour,Sousse
Blette,2,Fruits et Légumes,0.57,,0,,,Carrefour,Ariana
Basilic,2,Fruits et Légumes,3.45,,0,,,Carrefour,Tunis
Laitue iceberg,2,Fruits et Légumes,2.3,,0,,,Carrefour,Sousse
Menthe fraiche,2,Fruits et Légumes,0.8,,0,,,Carrefour,Ariana
Persil,2,Fruits et Légumes,0.57,,0,,,Carrefour,Tunis
Laitue,2,Fruits et Légumes,1.15,,0,,,Carrefour,Sousse
Pois chiches,2,Fruits et Légumes,9.66,,0,,,Carrefour,Ariana
Lentilles rouges,2,Fruits et Légumes,7.99,,0,,,Carrefour,Tunis
Lentilles vertes,2,Fruits et Légumes,9.99,,0,,,Carrefour,Sousse
Haricots,2,Fruits et Légumes,7.19,,0,,,Carrefour,Tunis
Pois chiches,2,Fruits et Légumes,9.99,,0,,,Carrefour,Sousse
Haricots blancs,2,Fruits et Légumes,9.99,,0,,,Carrefour,Ariana
Maïs,2,Fruits et Légumes,3.86,,0,,,Carrefour,Tunis
Brocoli en barquette,2,Fruits et Légumes,14.4,,0,,,Carrefour,Sousse
Chou vert,2,Fruits et Légumes,1.725,,0,,,Carrefour,Ariana
Chou fleur,2,Fruits et Légumes,2.875,,0,,,Carrefour,Tunis
Céleri,2,Fruits et Légumes,0.57,,0,,,Carrefour,Sousse
Chou brocoli,2,Fruits et Légumes,11.5,,0,,,Carrefour,Ariana
Artichaut blanc,2,Fruits et Légumes,2.3,,0,,,Carrefour,Sousse
Artichaud violet,2,Fruits et Légumes,3.45,,0,,,Carrefour,Ariana
Petit pois,2,Fruits et Légumes,5.75,,0,,,Carrefour,Tunis
Piment doux,2,Fruits et Légumes,3.33,,0,,,Carrefour,Sousse
Carottes sans fanes,2,Fruits et Légumes,1.61,,0,,,Carrefour,Ariana
Concombre,2,Fruits et Légumes,5.75,,0,,,Carrefour,Tunis
Pomme de terre,2,Fruits et Légumes,1.84,,0,,,Carrefour,Sousse
Oignon blanc,2,Fruits et Légumes,1.495,,0,,,Carrefour,Ariana
Pâte de dattes,2,Fruits et Légumes,3.29,,0,,,Carrefour,Tunis
Dattes standard,2,Fruits et Légumes,2.98,,0,,,Carrefour,Sousse
Dattes standard,2,Fruits et Légumes,4.99,,0,,,Carrefour,Ariana
Dattes standard,2,Fruits et Légumes,7.99,,0,,,Carrefour,Tunis
Dattes branchées,2,Fruits et Légumes,6.99,,0,,,Carrefour,Sousse
Dattes branchées,2,Fruits et Légumes,11.99,,0,,,Carrefour,Ariana
Coffret cadeau dattes,2,Fruits et Légumes,20.0,,0,,,Carrefour,Tunis
Coffret cadeau dattes,2,Fruits et Légumes,13.5,,0,,,Carrefour,Sousse
Dattes branchées,2,Fruits et Légumes,11.5,,0,,,Carrefour,Ariana
Dattes branchées,2,Fruits et Légumes,7.9,,0,,,Carrefour,Tunis
Oranges double fine AA,2,Fruits et Légumes,4.6,,0,,,Carrefour,Sousse
Mandarines w Murcott,2,Fruits et Légumes,3.335,,0,,,Carrefour,Ariana
Châtaigne,2,Fruits et Légumes,19.55,,0,,,Carrefour,Tunis
Pomme Golden moyen calibre,2,Fruits et Légumes,3.9,,0,,,Carrefour,Sousse
Pomme rouge petit calibre,2,Fruits et Légumes,6.9,,0,,,Carrefour,Ariana
Pomme rouge grand calibre,2,Fruits et Légumes,8.0,,0,,,Carrefour,Tunis
Fraises en barquette,2,Fruits et Légumes,11.5,,0,,,Carrefour,Sousse
Orange Valencia grand calibre,2,Fruits et Légumes,6.325,,0,,,Carrefour,Ariana
Myrtille en barquette,2,Fruits et Légumes,9.9,,0,,,Carrefour,Tunis
Thomson B,2,Fruits et Légumes,3.5,,0,,,Carrefour,Sousse
Orange Moro,2,Fruits et Légumes,2.59,,0,,,Carrefour,Ariana
Mandarine Murkott,2,Fruits et Légumes,3.56,,0,,,Carrefour,Tunis
Dattes branchées,2,Fruits et Légumes,6.5,,0,,,Carrefour,Sousse
Orange Navel,2,Fruits et Légumes,99.0,,0,,,Carrefour,Ariana
Pomme rouge,2,Fruits et Légumes,4.5,,0,,,Carrefour,Tunis
Dattes branchées en barquette,2,Fruits et Légumes,13.9,,0,,,Carrefour,Sousse
Dattes branchées,2,Fruits et Légumes,14.5,,0,,,Carrefour,Ariana
Dattes en ravier,2,Fruits et Légumes,3.9,,0,,,Carrefour,Tunis
Dattes branchées,2,Fruits et Légumes,15.0,,0,,,Carrefour,Sousse
Dattes branchées Nour,2,Fruits et Légumes,10.9,,0,,,Carrefour,Ariana
Gingembre frais,2,Fruits et Légumes,28.75,,0,,,Carrefour,Tunis
Dattes branchées Deglet Nour Bio,2,Fruits et Légumes,7.99,,0,,,Carrefour,Ariana
Dattes naturelles en branche Deglet Nour,2,Fruits et Légumes,12.55,,0,,,Carrefour,Tunis
Dattes branchées,2,Fruits et Légumes,23.5,,0,,,Carrefour,Sousse
Datte standard en ravier,2,Fruits et Légumes,1.99,,0,,,Carrefour,Ariana
Datte branchée en barquette,2,Fruits et Légumes,7.49,,0,,,Carrefour,Tunis
Datte branchée,2,Fruits et Légumes,4.5,,0,,,Carrefour,Sousse
Datte branchée,2,Fruits et Légumes,7.9,,0,,,Carrefour,Ariana
Ananas,2,Fruits et Légumes,11.5,,0,,,Carrefour,Tunis
Dattes branchées bouquet,2,Fruits et Légumes,10.9,,0,,,Carrefour,Sousse
Pomme rouge,2,Fruits et Légumes,6.9,,0,,,Carrefour,Ariana
Citron,2,Fruits et Légumes,1.38,,0,,,Carrefour,Tunis
Mangue,2,Fruits et Légumes,16.1,,0,,,Carrefour,Sousse
Avocat Dolce,2,Fruits et Légumes,5.75,,0,,,Carrefour,Ariana
Ananas,2,Fruits et Légumes,7.99,,0,,,Carrefour,Tunis
Citron en filet,2,Fruits et Légumes,0.98,,0,,,Carrefour,Sousse
Kiwi,2,Fruits et Légumes,1.59,,0,,,Carrefour,Ariana
Pomme Anna,2,Fruits et Légumes,3.45,,0,,,Carrefour,Tunis
Clémentine,2,Fruits et Légumes,2.53,,0,,,Carrefour,Sousse
Clémentines en filet,2,Fruits et Légumes,3.45,,0,,,Carrefour,Tunis
Framboise en barquette,2,Fruits et Légumes,12.5,,0,,,Carrefour,Sousse
Thomson sanguine,2,Fruits et Légumes,2.59,,0,,,Carrefour,Ariana
Orange Thomson New Hall grand calibre,2,Fruits et Légumes,2.59,,0,,,Carrefour,Tunis
Grenades moyen calibre,2,Fruits et Légumes,5.75,,0,,,Carrefour,Sousse
Orange douce AA,2,Fruits et Légumes,2.59,,0,,,Carrefour,Ariana
Kiwi jaune gold,2,Fruits et Légumes,1.59,,0,,,Carrefour,Tunis
Grenade grand calibre,2,Fruits et Légumes,5.75,,0,,,Carrefour,Sousse
Fruits de la passion,2,Fruits et Légumes,2.875,,0,,,Carrefour,Ariana
Pomme royal gala moyen calibre,2,Fruits et Légumes,5.75,,0,,,Carrefour,Tunis
Pommes Golden grand calibre,2,Fruits et Légumes,5.175,,0,,,Carrefour,Sousse
Orange maltaise à jus,2,Fruits et Légumes,1.38,,0,,,Carrefour,Ariana
Clémentine Cassar,2,Fruits et Légumes,2.875,,0,,,Carrefour,Tunis
Bergamote,2,Fruits et Légumes,7.99,,0,,,Carrefour,Sousse
Orange sakasli,2,Fruits et Légumes,2.59,,0,,,Carrefour,Ariana
Pack mlewi indien Parathas,3,Boulangerie,4.29,,0,,,Carrefour,Tunis
Pain chawarma nature,3,Boulangerie,3.99,,0,,,Carrefour,Sousse
Pain libanais,3,Boulangerie,1.555,,0,,,Carrefour,Ariana
Pain panini précuit,3,Boulangerie,1.7,,0,,,Carrefour,Tunis
Pain tortilla tacos,3,Boulangerie,4.29,,0,,,Carrefour,Sousse
Pain chwarma complet,3,Boulangerie,2.69,,0,,,Carrefour,Ariana
Pain chawarma,3,Boulangerie,1.555,,0,,,Carrefour,Tunis
Petit pain complet,3,Boulangerie,2.35,,0,,,Carrefour,Sousse
Mini tabouna nature,3,Boulangerie,0.25,,0,,,Carrefour,Ariana
Pain TACOS max original,3,Boulangerie,8.49,,0,,,Carrefour,Tunis
Pain TACOS original,3,Boulangerie,5.48,,0,,,Carrefour,Sousse
Pain tortilla blé complet,3,Boulangerie,11.28,,0,,,Carrefour,Ariana
Mlawi,3,Boulangerie,4.0,,0,,,Carrefour,Tunis
Pain burger nature au sésame,3,Boulangerie,2.39,,0,,,Carrefour,Sousse
Pain burger nature,3,Boulangerie,2.5,,0,,,Carrefour,Ariana
Le lot de 5 Pains burger nature,3,Boulangerie,3.5,,0,,,Carrefour,Tunis
Pain burger buns au blé complet,3,Boulangerie,2.39,,0,,,Carrefour,Sousse
Pain burger buns Multicéréales,3,Boulangerie,2.45,,0,,,Carrefour,Ariana
Le lot de 2 Pains Burger complet multi-graines,3,Boulangerie,1.43,,0,,,Carrefour,Tunis
Pain Burger aux graines de sésame,3,Boulangerie,1.07,,0,,,Carrefour,Sousse
Pain Burger nature,3,Boulangerie,1.05,,0,,,Carrefour,Ariana
Pain de mie nature,3,Boulangerie,2.1,,0,,,Carrefour,Tunis
Pain de campagne,3,Boulangerie,2.4,,0,,,Carrefour,Sousse
Pain hamburger,3,Boulangerie,2.5,,0,,,Carrefour,Ariana
Pain oriental complet,3,Boulangerie,2.4,,0,,,Carrefour,Tunis
Pain oriental,3,Boulangerie,2.4,,0,,,Carrefour,Sousse
Pain libanais 15cm,3,Boulangerie,1.3,,0,,,Carrefour,Ariana
Pain semoule,3,Boulangerie,0.75,,0,,,Carrefour,Tunis
Pain chawarma,3,Boulangerie,3.8,,0,,,Carrefour,Sousse
Pain de campagne,3,Boulangerie,1.7,,0,,,Carrefour,Ariana
Baguette à la semoule,3,Boulangerie,0.8,,0,,,Carrefour,Tunis
Pain burger aux sésames,3,Boulangerie,2.45,,0,,,Carrefour,Sousse
Pain libanais nature,3,Boulangerie,1.72,,0,,,Carrefour,Ariana
Pain à l'ancienne,3,Boulangerie,3.5,,0,,,Carrefour,Tunis
Petit pain viennois nature,3,Boulangerie,3.5,,0,,,Carrefour,Sousse
Pain libanais 28cm,3,Boulangerie,2.5,,0,,,Carrefour,Ariana
Baguette allégée en sel,3,Boulangerie,1.0,,0,,,Carrefour,Tunis
Pain aux 6 céréales,3,Boulangerie,1.2,,0,,,Carrefour,Sousse
Baguette au son,3,Boulangerie,0.75,,0,,,Carrefour,Ariana
Pain à la semoule,3,Boulangerie,0.75,,0,,,Carrefour,Tunis
Pain sans sel,3,Boulangerie,0.75,,0,,,Carrefour,Sousse
Pain complet,3,Boulangerie,1.05,,0,,,Carrefour,Ariana
Baguette de campagne,3,Boulangerie,1.1,,0,,,Carrefour,Tunis
Pain au son sans sel,3,Boulangerie,0.55,,0,,,Carrefour,Sousse
Pain flûte,3,Boulangerie,0.75,,0,,,Carrefour,Tunis
Pain libanais complet 21cm,3,Boulangerie,2.1,,0,,,Carrefour,Sousse
Baguette au son,3,Boulangerie,0.7,,0,,,Carrefour,Ariana
Pain au son,3,Boulangerie,1.1,,0,,,Carrefour,Tunis
Baguette sans sel,3,Boulangerie,0.5,,0,,,Carrefour,Sousse
Baguette complète,3,Boulangerie,1.1,,0,,,Carrefour,Tunis
Pain aux céréales,3,Boulangerie,1.6,,0,,,Carrefour,Sousse
Pain de mie nature margarine,3,Boulangerie,1.9,,0,,,Carrefour,Ariana
Déjeunette cuite,3,Boulangerie,1.1,,0,,,Carrefour,Tunis
Boule de campagne,3,Boulangerie,2.8,,0,,,Carrefour,Sousse
Boule blanche,3,Boulangerie,1.1,,0,,,Carrefour,Ariana
Pain libanais 22cm,3,Boulangerie,2.1,,0,,,Carrefour,Tunis
Pain précuit,3,Boulangerie,2.1,,0,,,Carrefour,Sousse
Déjeunette complet,3,Boulangerie,1.2,,0,,,Carrefour,Ariana
Pain complet intégral,3,Boulangerie,1.4,,0,,,Carrefour,Tunis
Pain Pavé,3,Boulangerie,1.1,,0,,,Carrefour,Sousse
Baguette aux céréales,3,Boulangerie,1.2,,0,,,Carrefour,Ariana
Tabouna traditionnelle,3,Boulangerie,0.7,,0,,,Carrefour,Tunis
Baguette complète,3,Boulangerie,0.8,,0,,,Carrefour,Ariana
Baguette au son,3,Boulangerie,0.6,,0,,,Carrefour,Tunis
Chapelure,3,Boulangerie,1.39,,0,,,Carrefour,Sousse
Pain au chocolat à la pièce,3,Boulangerie,0.95,,0,,,Carrefour,Tunis
Chocolatine,3,Boulangerie,3.7,,0,,,Carrefour,Sousse
Pain au chocolat,3,Boulangerie,3.5,,0,,,Carrefour,Ariana
Chocolatine,3,Boulangerie,1.9,,0,,,Carrefour,Tunis
Croissants nature,3,Boulangerie,9.9,,0,,,Carrefour,Sousse
Mini viennoiserie,3,Boulangerie,6.4,,0,,,Carrefour,Ariana
Brioche couronne des rois,3,Boulangerie,9.9,,0,,,Carrefour,Tunis
La brioche Nanterre,3,Boulangerie,4.5,,0,,,Carrefour,Sousse
Croissants,3,Boulangerie,1.8,,0,,,Carrefour,Ariana
Croissants nature,3,Boulangerie,5.9,,0,,,Carrefour,Tunis
Croissants,3,Boulangerie,3.98,,0,,,Carrefour,Sousse
Briochette nature pur beurre,3,Boulangerie,2.1,,0,,,Carrefour,Ariana
Brioche Nanterre nature pur beurre,3,Boulangerie,16.9,,0,,,Carrefour,Tunis
Pain au chocolat pur beurre,3,Boulangerie,8.7,,0,,,Carrefour,Sousse
Pain au chocolat pur beurre,3,Boulangerie,4.4,,0,,,Carrefour,Ariana
Croissant au pur beurre,3,Boulangerie,4.0,,0,,,Carrefour,Tunis
Croissant au pur beurre,3,Boulangerie,7.9,,0,,,Carrefour,Sousse
Schneck au lait pur beurre,3,Boulangerie,3.1,,0,,,Carrefour,Ariana
Pain aux raisins pur beurre,3,Boulangerie,3.6,,0,,,Carrefour,Tunis
Mini viennoiserie au pur beurre,3,Boulangerie,5.55,,0,,,Carrefour,Sousse
Bâtonnets de poisson panés,4,Viandes et Poissons,10.39,,0,,,Carrefour,Tunis
Shawarma de dinde surgelée,4,Viandes et Poissons,12.99,,0,,,Carrefour,Sousse
Nuggets CROKIDS,4,Viandes et Poissons,9.38,,0,,,Carrefour,Ariana
Gordon bleu,4,Viandes et Poissons,9.75,,0,,,Carrefour,Tunis
Nugets de poulet,4,Viandes et Poissons,6.85,,0,,,Carrefour,Sousse
Croquido,4,Viandes et Poissons,6.82,,0,,,Carrefour,Ariana
Kefta de dinde,4,Viandes et Poissons,4.74,,0,,,Carrefour,Tunis
Croque pizza Croustillante,4,Viandes et Poissons,5.99,,0,,,Carrefour,Sousse
Escalope de poulet panée,4,Viandes et Poissons,13.95,,0,,,Carrefour,Ariana
Escalope  de dinde panée,4,Viandes et Poissons,12.23,,0,,,Carrefour,Tunis
Hamburger de dinde,4,Viandes et Poissons,8.99,,0,,,Carrefour,Sousse
Escalope de poulet panée,4,Viandes et Poissons,28.5,,0,,,Carrefour,Ariana
Burger pané,4,Viandes et Poissons,8.28,,0,,,Carrefour,Tunis
Nuggets de poulet,4,Viandes et Poissons,9.5,,0,,,Carrefour,Sousse
Burger à la viande de dinde kwika,4,Viandes et Poissons,3.89,,0,,,Carrefour,Ariana
Kefta de dinde CHAHIA,4,Viandes et Poissons,4.22,,0,,,Carrefour,Tunis
Viande Hamburger,4,Viandes et Poissons,17.98,,0,,,Carrefour,Sousse
Chicken nuggets,4,Viandes et Poissons,10.99,,0,,,Carrefour,Ariana
Chicken popcorn,4,Viandes et Poissons,9.28,,0,,,Carrefour,Tunis
Steak haché de beauf,4,Viandes et Poissons,9.19,,0,,,Carrefour,Sousse
Hamburger de dinde,4,Viandes et Poissons,17.9,,0,,,Carrefour,Ariana
Cordon bleu,4,Viandes et Poissons,12.29,,0,,,Carrefour,Tunis
Chicken Nuggets,4,Viandes et Poissons,8.49,,0,,,Carrefour,Sousse
Chicken Nuggets,4,Viandes et Poissons,11.3,,0,,,Carrefour,Ariana
Kefta de dinde,4,Viandes et Poissons,5.78,,0,,,Carrefour,Tunis
Cordon bleu,4,Viandes et Poissons,8.25,,0,,,Carrefour,Sousse
Boulette de dinde,4,Viandes et Poissons,5.99,,0,,,Carrefour,Ariana
Roulé au Fromage,4,Viandes et Poissons,7.19,,0,,,Carrefour,Tunis
Steak haché de bœuf SADIA,4,Viandes et Poissons,26.29,,0,,,Carrefour,Sousse
Cordon bleu,4,Viandes et Poissons,9.99,,0,,,Carrefour,Ariana
Kabeb de dinde CUISTO,4,Viandes et Poissons,7.69,,0,,,Carrefour,Tunis
Chicken nuggets,4,Viandes et Poissons,6.1,,0,,,Carrefour,Sousse
Chiken Fries Mini Chef,4,Viandes et Poissons,12.79,,0,,,Carrefour,Ariana
Steak haché de poulet,4,Viandes et Poissons,7.23,,0,,,Carrefour,Tunis
Nuggets de poulet crispy kids,4,Viandes et Poissons,9.12,,0,,,Carrefour,Sousse
Cordon bleu,4,Viandes et Poissons,10.39,,0,,,Carrefour,Ariana
Cordon bleu,4,Viandes et Poissons,10.49,,0,,,Carrefour,Tunis
Nuggets de poulet,4,Viandes et Poissons,8.79,,0,,,Carrefour,Sousse
Escalope de poulet pannée,4,Viandes et Poissons,8.99,,0,,,Carrefour,Ariana
Nuggets de poulet,4,Viandes et Poissons,8.78,,0,,,Carrefour,Tunis
Crevettes décortiquées congelées,4,Viandes et Poissons,29.59,,0,,,Carrefour,Tunis
Salade de fruits de mer,4,Viandes et Poissons,15.89,,0,,,Carrefour,Sousse
Filet de poisson,4,Viandes et Poissons,19.69,,0,,,Carrefour,Ariana
Moules demi coquille,4,Viandes et Poissons,24.9,,0,,,Carrefour,Tunis
Chevrettes pannées,4,Viandes et Poissons,29.9,,0,,,Carrefour,Sousse
Seiche,4,Viandes et Poissons,8.0,,0,,,Carrefour,Ariana
Mixte de fruits de mer pack 1.5kg,4,Viandes et Poissons,29.9,,0,,,Carrefour,Tunis
Mixte de fruits de mer pack 1.5kg,4,Viandes et Poissons,27.6,,0,,,Carrefour,Sousse
Boumisks poulpe petit calibre,4,Viandes et Poissons,33.3,,0,,,Carrefour,Ariana
Tentacules de poulpe,4,Viandes et Poissons,63.25,,0,,,Carrefour,Tunis
Poulpe entier congelé,4,Viandes et Poissons,57.5,,0,,,Carrefour,Sousse
Chevrettes décortiquées,4,Viandes et Poissons,36.2,,0,,,Carrefour,Ariana
Crevettes de moyen calibre décortiquées,4,Viandes et Poissons,50.6,,0,,,Carrefour,Tunis
Crevettes gros calibres décortiquées,4,Viandes et Poissons,52.9,,0,,,Carrefour,Sousse
Crevettes gros calibres,4,Viandes et Poissons,49.4,,0,,,Carrefour,Ariana
Crevettes moyen calibre,4,Viandes et Poissons,40.25,,0,,,Carrefour,Tunis
Seiche nettoyée moyen calibre,4,Viandes et Poissons,39.5,,0,,,Carrefour,Sousse
Seiche nettoyée gros calibre,4,Viandes et Poissons,44.8,,0,,,Carrefour,Ariana
Calamar moyen noir,4,Viandes et Poissons,62.2,,0,,,Carrefour,Tunis
Calamar gros noir,4,Viandes et Poissons,64.4,,0,,,Carrefour,Sousse
Calamar nettoyé entier,4,Viandes et Poissons,66.7,,0,,,Carrefour,Ariana
Figurines de merlan pannées,4,Viandes et Poissons,14.98,,0,,,Carrefour,Tunis
Moules décoquillées,4,Viandes et Poissons,10.99,,0,,,Carrefour,Sousse
Chaire de Bigorneau marinée,4,Viandes et Poissons,12.9,,0,,,Carrefour,Ariana
Croquettes de poulpe,4,Viandes et Poissons,26.8,,0,,,Carrefour,Tunis
Moules décortiquées,4,Viandes et Poissons,26.5,,0,,,Carrefour,Sousse
Bâtonnets de crabes congelés,4,Viandes et Poissons,10.38,,0,,,Carrefour,Ariana
Surimi de crabes en morceaux surgelés,4,Viandes et Poissons,11.28,,0,,,Carrefour,Tunis
Filets de poissons panés,4,Viandes et Poissons,16.99,,0,,,Carrefour,Sousse
Crevettes panées,4,Viandes et Poissons,13.99,,0,,,Carrefour,Ariana
Crevettes panées surgelés,4,Viandes et Poissons,25.39,,0,,,Carrefour,Tunis
Crevettes entières,4,Viandes et Poissons,16.99,,0,,,Carrefour,Sousse
Anneaux de calamars panés,4,Viandes et Poissons,11.55,,0,,,Carrefour,Ariana
Crevettes décortiquées,4,Viandes et Poissons,7.29,,0,,,Carrefour,Tunis
Calamars nettoyés surgelés,4,Viandes et Poissons,29.9,,0,,,Carrefour,Sousse
Crevettes décortiquées congelées,4,Viandes et Poissons,55.0,,0,,,Carrefour,Ariana
Anneaux de calamars pannés congelés,4,Viandes et Poissons,18.18,,0,,,Carrefour,Tunis
Filet de merlan pané,4,Viandes et Poissons,15.79,,0,,,Carrefour,Sousse
Poulpe congelé en tranche,4,Viandes et Poissons,31.6,,0,,,Carrefour,Ariana
Seiche nettoyée et congelée,4,Viandes et Poissons,26.5,,0,,,Carrefour,Tunis
Calamar congelé,4,Viandes et Poissons,27.9,,0,,,Carrefour,Sousse
Fruits de mer,4,Viandes et Poissons,15.8,,0,,,Carrefour,Ariana
Anneaux de calamars congelés FAKAM,4,Viandes et Poissons,8.39,,0,,,Carrefour,Tunis
Salade de fruits de mer,4,Viandes et Poissons,19.99,,0,,,Carrefour,Sousse
Crevettes décortiquées,4,Viandes et Poissons,18.79,,0,,,Carrefour,Ariana
Calamar entier nettoyé,4,Viandes et Poissons,27.79,,0,,,Carrefour,Tunis
Anneaux de calamars,4,Viandes et Poissons,23.86,,0,,,Carrefour,Sousse
Tubes de calamars,4,Viandes et Poissons,24.98,,0,,,Carrefour,Ariana
Crevettes royales,4,Viandes et Poissons,34.9,,0,,,Carrefour,Tunis
Crevettes pannées,4,Viandes et Poissons,18.28,,0,,,Carrefour,Sousse
Salade de fuits de mer,4,Viandes et Poissons,15.63,,0,,,Carrefour,Tunis
Filet de pangasius,4,Viandes et Poissons,21.41,,0,,,Carrefour,Sousse
Poisson pané,4,Viandes et Poissons,17.99,,0,,,Carrefour,Ariana
Chevrettes décortiquées congelées,4,Viandes et Poissons,24.99,,0,,,Carrefour,Tunis
Filets de poisson surgelés,4,Viandes et Poissons,26.69,,0,,,Carrefour,Sousse
Anneaux de calamars panés,4,Viandes et Poissons,21.9,,0,,,Carrefour,Ariana
Poisson pané,4,Viandes et Poissons,25.29,,0,,,Carrefour,Tunis
Crevettes décortiquées,4,Viandes et Poissons,16.28,,0,,,Carrefour,Sousse
Bâtonnets de poisson,4,Viandes et Poissons,15.58,,0,,,Carrefour,Ariana
Anneaux de calamars,4,Viandes et Poissons,25.79,,0,,,Carrefour,Tunis
Anneaux de calamars panés,4,Viandes et Poissons,25.79,,0,,,Carrefour,Sousse
Crevettes décortiquées,4,Viandes et Poissons,10.89,,0,,,Carrefour,Ariana
Lait aromatisé,1,Produits Laitiers,0.92,,0,,,GeantDrive,Tunis
Lait aromatisée,1,Produits Laitiers,0.92,,0,,,GeantDrive,Tunis
Kéfir,1,Produits Laitiers,1.29,,0,,,GeantDrive,Tunis
Lait UHT 1/2 écremé,1,Produits Laitiers,1.35,,0,,,GeantDrive,Tunis
Lait 1/2 écrémé,1,Produits Laitiers,1.35,,0,,,GeantDrive,Tunis
Lait UHT 1/2 écrémé,1,Produits Laitiers,1.35,,0,,,GeantDrive,Tunis
Raieb,1,Produits Laitiers,1.49,,0,,,GeantDrive,Tunis
Lben,1,Produits Laitiers,1.49,,0,,,GeantDrive,Tunis
Boisson lactée,1,Produits Laitiers,1.57,,0,,,GeantDrive,Tunis
Lben,1,Produits Laitiers,1.59,,0,,,GeantDrive,Tunis
Lben,1,Produits Laitiers,1.65,,0,,,GeantDrive,Tunis
Raieb,1,Produits Laitiers,1.65,,0,,,GeantDrive,Tunis
Raieb,1,Produits Laitiers,1.99,,0,,,GeantDrive,Tunis
Lben,1,Produits Laitiers,1.99,,0,,,GeantDrive,Tunis
Lait UHT écrémé,1,Produits Laitiers,2.25,,0,,,GeantDrive,Tunis
Lait écremé 0%,1,Produits Laitiers,2.3,,0,,,GeantDrive,Tunis
Lait UHT enrichi,1,Produits Laitiers,2.3,,0,,,GeantDrive,Tunis
Lait UHT,1,Produits Laitiers,2.35,,0,,,GeantDrive,Tunis
Lait entier,1,Produits Laitiers,2.49,,0,,,GeantDrive,Tunis
Lait UHT entier,1,Produits Laitiers,2.57,,0,,,GeantDrive,Tunis
Margarine,1,Produits Laitiers,1.36,,0,,,GeantDrive,Tunis
Margarine,1,Produits Laitiers,1.38,,0,,,GeantDrive,Tunis
Crème fraîche,1,Produits Laitiers,1.95,,0,,,GeantDrive,Tunis
Crème fraîche,1,Produits Laitiers,2.48,,0,,,GeantDrive,Tunis
Crème fraîche,1,Produits Laitiers,2.49,,0,,,GeantDrive,Tunis
Margarine,1,Produits Laitiers,2.5,,0,,,GeantDrive,Tunis
Matière grasse composée,1,Produits Laitiers,2.55,,0,,,GeantDrive,Tunis
Margarine,1,Produits Laitiers,2.56,,0,,,GeantDrive,Tunis
Margarine allégée,1,Produits Laitiers,2.6,,0,,,GeantDrive,Tunis
Margarine,1,Produits Laitiers,2.65,,0,,,GeantDrive,Tunis
Crème fraîche,1,Produits Laitiers,2.79,,0,,,GeantDrive,Tunis
Margarine,1,Produits Laitiers,2.85,,0,,,GeantDrive,Tunis
Margarine,1,Produits Laitiers,2.88,,0,,,GeantDrive,Tunis
Margarine,1,Produits Laitiers,2.95,,0,,,GeantDrive,Tunis
Crème fraîche semi épa...,1,Produits Laitiers,3.12,,0,,,GeantDrive,Tunis
Crème fraîche légére,1,Produits Laitiers,3.12,,0,,,GeantDrive,Tunis
Beurre,1,Produits Laitiers,3.5,,0,,,GeantDrive,Tunis
Beurre,1,Produits Laitiers,3.89,,0,,,GeantDrive,Tunis
Margarine,1,Produits Laitiers,4.49,,0,,,GeantDrive,Tunis
Margarine,1,Produits Laitiers,4.59,,0,,,GeantDrive,Tunis
Crème chantilly,1,Produits Laitiers,4.69,,0,,,GeantDrive,Tunis
Margarine,1,Produits Laitiers,5.49,,0,,,GeantDrive,Tunis
Crème fraîche,1,Produits Laitiers,5.5,,0,,,GeantDrive,Tunis
Margarine,1,Produits Laitiers,5.58,,0,,,GeantDrive,Tunis
Préparation pasteurisé...,1,Produits Laitiers,6.39,,0,,,GeantDrive,Tunis
Beurre,1,Produits Laitiers,7.39,,0,,,GeantDrive,Tunis
Beurre,1,Produits Laitiers,7.45,,0,,,GeantDrive,Tunis
Crème fraîche,1,Produits Laitiers,7.99,,0,,,GeantDrive,Tunis
Crème chantilly,1,Produits Laitiers,8.98,,0,,,GeantDrive,Tunis
Crème fouettée,1,Produits Laitiers,9.99,,0,,,GeantDrive,Tunis
Crème fraîche spécialité,1,Produits Laitiers,11.49,,0,,,GeantDrive,Tunis
Crème fraîche,1,Produits Laitiers,11.99,,0,,,GeantDrive,Tunis
Crème fraîche à fouetter,1,Produits Laitiers,19.72,,0,,,GeantDrive,Tunis
Crème fraîche à fouetter,1,Produits Laitiers,20.49,,0,,,GeantDrive,Tunis
Crème fraîche,1,Produits Laitiers,44.59,,0,,,GeantDrive,Tunis
Fromage fondu goûter,1,Produits Laitiers,0.9,,0,,,GeantDrive,Tunis
Préparation alimentair...,1,Produits Laitiers,1.19,,0,,,GeantDrive,Tunis
Préparation alimentair...,1,Produits Laitiers,1.28,,0,,,GeantDrive,Tunis
Préparation alimentair...,1,Produits Laitiers,1.42,,0,,,GeantDrive,Tunis
Fromage fondu maxi,1,Produits Laitiers,1.52,,0,,,GeantDrive,Tunis
Fromage fondu,1,Produits Laitiers,1.69,,0,,,GeantDrive,Tunis
Préparation alimentair...,1,Produits Laitiers,1.72,,0,,,GeantDrive,Tunis
Préparation alimentair...,1,Produits Laitiers,1.85,,0,,,GeantDrive,Tunis
Fromage rapé,1,Produits Laitiers,1.99,,0,,,GeantDrive,Tunis
Préparation alimentair...,1,Produits Laitiers,2.06,,0,,,GeantDrive,Tunis
Préparation alimentair...,1,Produits Laitiers,2.2,,0,,,GeantDrive,Tunis
Fromage slice burger a...,1,Produits Laitiers,2.42,,0,,,GeantDrive,Tunis
Fromage slice pizza,1,Produits Laitiers,2.42,,0,,,GeantDrive,Tunis
Préparation alimentair...,1,Produits Laitiers,2.5,,0,,,GeantDrive,Tunis
Fromage slice croque'e...,1,Produits Laitiers,2.6,,0,,,GeantDrive,Tunis
Préparation alimentair...,1,Produits Laitiers,2.69,,0,,,GeantDrive,Tunis
Préparation alimentair...,1,Produits Laitiers,2.87,,0,,,GeantDrive,Tunis
Ricotta,1,Produits Laitiers,3.02,,0,,,GeantDrive,Tunis
Fromage fondu,1,Produits Laitiers,3.03,,0,,,GeantDrive,Tunis
Fromage frais,1,Produits Laitiers,3.05,,0,,,GeantDrive,Tunis
Fromage frais,1,Produits Laitiers,3.14,,0,,,GeantDrive,Tunis
Ricotte,1,Produits Laitiers,3.19,,0,,,GeantDrive,Tunis
Goutta du nord,1,Produits Laitiers,3.19,,0,,,GeantDrive,Tunis
Préparation alimentair...,1,Produits Laitiers,3.25,,0,,,GeantDrive,Tunis
Fromage frais,1,Produits Laitiers,3.29,,0,,,GeantDrive,Tunis
Fromage fondu goûter,1,Produits Laitiers,3.35,,0,,,GeantDrive,Tunis
Fromage frais vitaminé,1,Produits Laitiers,3.38,,0,,,GeantDrive,Tunis
Fromage carré,1,Produits Laitiers,3.44,,0,,,GeantDrive,Tunis
Fromage fondu,1,Produits Laitiers,3.5,,0,,,GeantDrive,Tunis
Fromage fondu,1,Produits Laitiers,3.52,,0,,,GeantDrive,Tunis
Fromage frais carré,1,Produits Laitiers,3.54,,0,,,GeantDrive,Tunis
Fromage slice burger,1,Produits Laitiers,3.66,,0,,,GeantDrive,Tunis
Fromage frais,1,Produits Laitiers,3.69,,0,,,GeantDrive,Tunis
Préparation alimentair...,1,Produits Laitiers,3.89,,0,,,GeantDrive,Tunis
Préparation alimentair...,1,Produits Laitiers,3.98,,0,,,GeantDrive,Tunis
Fromage fondu rapé,1,Produits Laitiers,4.15,,0,,,GeantDrive,Tunis
Fromage slice burger,1,Produits Laitiers,4.18,,0,,,GeantDrive,Tunis
Fromage fondu à l'emme...,1,Produits Laitiers,4.26,,0,,,GeantDrive,Tunis
Fromage tartare,1,Produits Laitiers,4.29,,0,,,GeantDrive,Tunis
Fromage frais carré,1,Produits Laitiers,4.3,,0,,,GeantDrive,Tunis
Fromage gouda,1,Produits Laitiers,4.39,,0,,,GeantDrive,Tunis
Fromage edam,1,Produits Laitiers,4.39,,0,,,GeantDrive,Tunis
Fromage carré,1,Produits Laitiers,4.44,,0,,,GeantDrive,Tunis
Goutta du nord,1,Produits Laitiers,4.56,,0,,,GeantDrive,Tunis
Fromage fondu à tartiner,1,Produits Laitiers,4.59,,0,,,GeantDrive,Tunis
Fromage rapé au gruyère,1,Produits Laitiers,4.84,,0,,,GeantDrive,Tunis
Crème à tartiner,1,Produits Laitiers,4.85,,0,,,GeantDrive,Tunis
Yaourt brassé,1,Produits Laitiers,0.43,,0,,,GeantDrive,Tunis
Spécialité laitière br...,1,Produits Laitiers,0.43,,0,,,GeantDrive,Tunis
Yaourt aromatisé,1,Produits Laitiers,0.54,,0,,,GeantDrive,Tunis
Yaourt,1,Produits Laitiers,0.54,,0,,,GeantDrive,Tunis
Yaourt aromatisé,1,Produits Laitiers,0.555,,0,,,GeantDrive,Tunis
Spécialité laitière br...,1,Produits Laitiers,0.6,,0,,,GeantDrive,Tunis
Yaourt brassé,1,Produits Laitiers,0.6,,0,,,GeantDrive,Tunis
Yaourt brassé,1,Produits Laitiers,0.62,,0,,,GeantDrive,Tunis
Yaourt aux fruits,1,Produits Laitiers,0.72,,0,,,GeantDrive,Tunis
Yaourt,1,Produits Laitiers,0.73,,0,,,GeantDrive,Tunis
Yaourt à boire,1,Produits Laitiers,0.74,,0,,,GeantDrive,Tunis
Crème dessert,1,Produits Laitiers,0.78,,0,,,GeantDrive,Tunis
Yaourt à boire,1,Produits Laitiers,0.78,,0,,,GeantDrive,Tunis
Celeri vert,2,Fruits et Légumes,0.46,,0,,,GeantDrive,Tunis
Blette,2,Fruits et Légumes,0.46,,0,,,GeantDrive,Tunis
Persil,2,Fruits et Légumes,0.52,,0,,,GeantDrive,Tunis
Aneth,2,Fruits et Légumes,0.69,,0,,,GeantDrive,Tunis
Coriandre,2,Fruits et Légumes,0.69,,0,,,GeantDrive,Tunis
Salade romaine,2,Fruits et Légumes,1.26,,0,,,GeantDrive,Tunis
Salade laitue,2,Fruits et Légumes,1.26,,0,,,GeantDrive,Tunis
Radis local,2,Fruits et Légumes,1.26,,0,,,GeantDrive,Tunis
Roquette fraîche,2,Fruits et Légumes,3.5,,0,,,GeantDrive,Tunis
Epinard,2,Fruits et Légumes,3.63,,0,,,GeantDrive,Tunis
Tomate cerise allongée,2,Fruits et Légumes,3.76,,0,,,GeantDrive,Tunis
Pomme de terre grenaille,2,Fruits et Légumes,3.9,,0,,,GeantDrive,Tunis
Tomate cerise ronde,2,Fruits et Légumes,4.06,,0,,,GeantDrive,Tunis
Courge rouge,2,Fruits et Légumes,4.13,,0,,,GeantDrive,Tunis
Pomme de terre grenaille,2,Fruits et Légumes,4.25,,0,,,GeantDrive,Tunis
Epinard,2,Fruits et Légumes,4.62,,0,,,GeantDrive,Tunis
Tomate cerise,2,Fruits et Légumes,5.4,,0,,,GeantDrive,Tunis
Pomme de terre grenail...,2,Fruits et Légumes,5.62,,0,,,GeantDrive,Tunis
Menthe sèche,2,Fruits et Légumes,6.4,,0,,,GeantDrive,Tunis
Tomate cerise,2,Fruits et Légumes,6.52,,0,,,GeantDrive,Tunis
Epinard emballé,2,Fruits et Légumes,6.75,,0,,,GeantDrive,Tunis
Tomate cerise,2,Fruits et Légumes,6.99,,0,,,GeantDrive,Tunis
Pot au feu,2,Fruits et Légumes,7.99,,0,,,GeantDrive,Tunis
Pot au feu,2,Fruits et Légumes,8.03,,0,,,GeantDrive,Tunis
Kiwi,2,Fruits et Légumes,0.79,,0,,,GeantDrive,Tunis
Pâte de dattes,2,Fruits et Légumes,2.59,,0,,,GeantDrive,Tunis
Dattes en barquette,2,Fruits et Légumes,3.38,,0,,,GeantDrive,Tunis
Dattes standards,2,Fruits et Légumes,3.75,,0,,,GeantDrive,Tunis
Datte branchée,2,Fruits et Légumes,3.99,,0,,,GeantDrive,Tunis
Dattes branchées,2,Fruits et Légumes,4.38,,0,,,GeantDrive,Tunis
Avocat,2,Fruits et Légumes,5.17,,0,,,GeantDrive,Tunis
Dattes standars,2,Fruits et Légumes,6.13,,0,,,GeantDrive,Tunis
Dattes branchées,2,Fruits et Légumes,7.99,,0,,,GeantDrive,Tunis
Ananas petit calibre,2,Fruits et Légumes,8.49,,0,,,GeantDrive,Tunis
Dattes branchées,2,Fruits et Légumes,8.75,,0,,,GeantDrive,Tunis
Datte branchée,2,Fruits et Légumes,10.25,,0,,,GeantDrive,Tunis
Dattes,2,Fruits et Légumes,12.19,,0,,,GeantDrive,Tunis
Dattes branchées,2,Fruits et Légumes,16.25,,0,,,GeantDrive,Tunis
Dattes,2,Fruits et Légumes,17.83,,0,,,GeantDrive,Tunis
Baguette à la farine s...,3,Boulangerie,0.36,,0,,,GeantDrive,Tunis
Pain sans sel,3,Boulangerie,0.6,,0,,,GeantDrive,Tunis
Baguette traditionnell...,3,Boulangerie,0.75,,0,,,GeantDrive,Tunis
Pain céréales à l'anci...,3,Boulangerie,0.8,,0,,,GeantDrive,Tunis
Pâte à pizza,3,Boulangerie,0.85,,0,,,GeantDrive,Tunis
Epi,3,Boulangerie,0.95,,0,,,GeantDrive,Tunis
Pain en boule,3,Boulangerie,1.0,,0,,,GeantDrive,Tunis
Tabouna pain complet,3,Boulangerie,1.15,,0,,,GeantDrive,Tunis
Chausson aux pommes,3,Boulangerie,1.35,,0,,,GeantDrive,Tunis
Baguette viennoise,3,Boulangerie,1.35,,0,,,GeantDrive,Tunis
Coque suisse,3,Boulangerie,1.4,,0,,,GeantDrive,Tunis
Pain au fondant ou sch...,3,Boulangerie,1.4,,0,,,GeantDrive,Tunis
Pain libanais (Raghif),3,Boulangerie,1.49,,0,,,GeantDrive,Tunis
Pain de pique-nique,3,Boulangerie,1.6,,0,,,GeantDrive,Tunis
Croissant amande pur b...,3,Boulangerie,1.65,,0,,,GeantDrive,Tunis
Pain aux céréales,3,Boulangerie,1.65,,0,,,GeantDrive,Tunis
Petit pain de campagne,3,Boulangerie,1.7,,0,,,GeantDrive,Tunis
Petit pain viennois,3,Boulangerie,1.7,,0,,,GeantDrive,Tunis
Mille feuille au chocolat,3,Boulangerie,1.85,,0,,,GeantDrive,Tunis
Pain complet,3,Boulangerie,1.9,,0,,,GeantDrive,Tunis
Petit pain viennois au...,3,Boulangerie,1.9,,0,,,GeantDrive,Tunis
Petit pain complet,3,Boulangerie,1.9,,0,,,GeantDrive,Tunis
Pain libanais nature,3,Boulangerie,1.95,,0,,,GeantDrive,Tunis
Pain libanais complet,3,Boulangerie,1.95,,0,,,GeantDrive,Tunis
Pizza aux herbes,3,Boulangerie,1.99,,0,,,GeantDrive,Tunis
Pain de mie sandwich,3,Boulangerie,1.99,,0,,,GeantDrive,Tunis
Pain parisien de campagne,3,Boulangerie,2.05,,0,,,GeantDrive,Tunis
Pain de mie en tranches,3,Boulangerie,2.1,,0,,,GeantDrive,Tunis
Pain de mie,3,Boulangerie,2.1,,0,,,GeantDrive,Tunis
Pain hamburguer,3,Boulangerie,2.1,,0,,,GeantDrive,Tunis
Pain libanais complet ...,3,Boulangerie,2.19,,0,,,GeantDrive,Tunis
Pain libanais (Raghif),3,Boulangerie,2.19,,0,,,GeantDrive,Tunis
Pain aux céréales,3,Boulangerie,2.2,,0,,,GeantDrive,Tunis
Petit pain aux céréales,3,Boulangerie,2.2,,0,,,GeantDrive,Tunis
Pain panini,3,Boulangerie,2.2,,0,,,GeantDrive,Tunis
Burger,3,Boulangerie,2.25,,0,,,GeantDrive,Tunis
Barquettes rondes,3,Boulangerie,2.25,,0,,,GeantDrive,Tunis
Pain de campagne 400g,3,Boulangerie,2.25,,0,,,GeantDrive,Tunis
Pain de campagne en Bo...,3,Boulangerie,2.25,,0,,,GeantDrive,Tunis
Pain de mie nature,3,Boulangerie,2.29,,0,,,GeantDrive,Tunis
Pain de mie complet,3,Boulangerie,2.29,,0,,,GeantDrive,Tunis
Pain hamburguer,3,Boulangerie,2.3,,0,,,GeantDrive,Tunis
Petit pain viennois,3,Boulangerie,2.345,,0,,,GeantDrive,Tunis
Buns complet,3,Boulangerie,2.39,,0,,,GeantDrive,Tunis
Pain chawarma,3,Boulangerie,2.4,,0,,,GeantDrive,Tunis
Pain hamburguer,3,Boulangerie,2.45,,0,,,GeantDrive,Tunis
Persil Maadnous,2,Fruits et Légumes,0.7,,0,,,Magik,Gabes
Pomme de terre بطاطا,2,Fruits et Légumes,1.9,1.5,0,,,Magik,Gabes
Courge rouge قرع أحمر,2,Fruits et Légumes,2.0,1.8,0,,,Magik,Gabes
Tomates طماطم,2,Fruits et Légumes,2.0,1.5,0,,,Magik,Gabes
Carotte sans fanes سفنارية,2,Fruits et Légumes,2.5,,0,,,Magik,Gabes
Piment Meski,2,Fruits et Légumes,3.0,2.9,0,,,Magik,Gabes
Piment Doux فلفل حلو,2,Fruits et Légumes,3.8,,0,,,Magik,Gabes
Blette سلق,2,Fruits et Légumes,0.8,,0,,,Magik,Gabes
Chou Vert kronb,2,Fruits et Légumes,1.8,1.7,0,,,Magik,Gabes
Concombre فقوس,2,Fruits et Légumes,4.5,3.8,0,,,Magik,Gabes
Chou fleur Brouclou بروكلو,2,Fruits et Légumes,2.0,1.5,0,,,Magik,Gabes
Navet avec fanes Left لفت,2,Fruits et Légumes,2.0,1.7,0,,,Magik,Gabes
Courgette قرع أخضر,2,Fruits et Légumes,3.3,,0,,,Magik,Gabes
Betteraves بتراف,2,Fruits et Légumes,2.0,,0,,,Magik,Gabes
Aubergine باذنجان,2,Fruits et Légumes,2.0,,0,,,Magik,Gabes
Salade laitue romaine khass,2,Fruits et Légumes,2.7,2.5,0,,,Magik,Gabes
Piment rouge fort,2,Fruits et Légumes,4.0,3.8,0,,,Magik,Gabes
Haricots verts rouges,2,Fruits et Légumes,6.5,6.0,0,,,Magik,Gabes
Aubergine,2,Fruits et Légumes,2.0,,0,,,Magik,Gabes
Citrouille Butzina,2,Fruits et Légumes,3.8,,0,,,Magik,Gabes
Ail Blanc ثوم أبيض,2,Fruits et Légumes,0.92,0.87,0,,,Magik,Gabes
Ail Rouge ثوم أحمر,2,Fruits et Légumes,1.0,0.95,0,,,Magik,Gabes
Aneth Chebt شبت,2,Fruits et Légumes,0.8,,0,,,Magik,Gabes
Fenouil avec fanes,2,Fruits et Légumes,0.8,,0,,,Magik,Gabes
Légumes chéloïdes jedra broudou,2,Fruits et Légumes,2.0,,0,,,Magik,Gabes
Piment Baklouti,2,Fruits et Légumes,3.8,3.7,0,,,Magik,Gabes
Rabta Fenouil avec fanes Besbes,2,Fruits et Légumes,3.0,,0,,,Magik,Gabes
Rabta Carottes سفنارية,2,Fruits et Légumes,2.3,1.8,0,,,Magik,Gabes
Gingembre,2,Fruits et Légumes,2.5,,0,,,Magik,Gabes
Châtaigne القسطل,2,Fruits et Légumes,2.2,,0,,,Magik,Gabes
Piment Sehli فلفل ساحلي,2,Fruits et Légumes,2.9,,0,,,Magik,Gabes
Coriandre تابل,2,Fruits et Légumes,0.8,,0,,,Magik,Gabes
Citron قارص,2,Fruits et Légumes,3.0,2.2,0,,,Magik,Gabes
Petit pois جلبانة,2,Fruits et Légumes,5.5,,0,,,Magik,Gabes
Oignon blanc بصل أبيض,2,Fruits et Légumes,1.8,1.6,0,,,Magik,Gabes
Épinard,2,Fruits et Légumes,1.8,,0,,,Magik,Gabes
Oignon vert,2,Fruits et Légumes,2.4,1.8,0,,,Magik,Gabes
Céleri كلافس,2,Fruits et Légumes,0.7,,0,,,Magik,Gabes
Menthe fraiche نعناع أخضر,2,Fruits et Légumes,0.8,0.7,0,,,Magik,Gabes
Laitue,2,Fruits et Légumes,1.5,,0,,,Magik,Gabes
Orange Thomson,2,Fruits et Légumes,3.0,2.5,0,,,Magik,Gabes
Kiwi,2,Fruits et Légumes,2.0,1.5,0,,,Magik,Gabes
Orange à jus moyen,2,Fruits et Légumes,2.0,1.7,0,,,Magik,Gabes
Avocat,2,Fruits et Légumes,7.0,6.5,0,,,Magik,Gabes
Fraise,2,Fruits et Légumes,12.0,,0,,,Magik,Gabes
Orange douce,2,Fruits et Légumes,2.4,2.0,0,,,Magik,Gabes
Pamplemousse,2,Fruits et Légumes,2.0,1.5,0,,,Magik,Gabes
Mangue مانقة,2,Fruits et Légumes,7.0,,0,,,Magik,Gabes
Prunes,2,Fruits et Légumes,6.0,,0,,,Magik,Gabes
Orange à jus petit,2,Fruits et Légumes,1.0,,0,,,Magik,Gabes
Pommes تفاح أحمر,2,Fruits et Légumes,13.5,,0,,,Magik,Gabes
Pommes rouges تفاح أحمر,2,Fruits et Légumes,6.0,5.0,0,,,Magik,Gabes
Grenade رمان,2,Fruits et Légumes,3.5,,0,,,Magik,Gabes
Dattes Branchées Deglet Nour دقلة نور,2,Fruits et Légumes,11.0,,0,,,Magik,Gabes
Clémentine مدلينة,2,Fruits et Légumes,3.0,2.9,0,,,Magik,Gabes
Yaourt Brassé Pistache VITALAIT 70Gr,1,Produits Laitiers,0.43,,0,,,Magik,Gabes
Yaourt Brassé Vanille Biscuits DELICE DANONE 70Gr,1,Produits Laitiers,0.43,,0,,,Magik,Gabes
Yaourt Brassé Fraise Biscuits DELICE DANONE 70Gr,1,Produits Laitiers,0.43,,0,,,Magik,Gabes
Yaourt Brassé Fraise Banane VITALAIT 70Gr,1,Produits Laitiers,0.43,,0,,,Magik,Gabes
Yaourt à boire Fraise DELICE 150Gr,1,Produits Laitiers,0.75,,0,,,Magik,Gabes
Yaourt Brassé Cerise Framboise VITALAIT 100Gr,1,Produits Laitiers,0.87,,0,,,Magik,Gabes
Yaourt Brassé Fraise VITALAIT 100Gr,1,Produits Laitiers,0.62,,0,,,Magik,Gabes
Yaourt Brassé Fraise P'TIT TOP,1,Produits Laitiers,0.43,,0,,,Magik,Gabes
Yaourt Brassé Aromatisé Tutti frutti VITALAIT 70Gr,1,Produits Laitiers,0.43,,0,,,Magik,Gabes
Yaourt Brassé Abricot YAB 70Gr,1,Produits Laitiers,0.43,,0,,,Magik,Gabes
Yaourt Brassé Pistache VITALAIT 100Gr,1,Produits Laitiers,0.62,,0,,,Magik,Gabes
Yaourt aromatisé Fruits Exotiques DELICE DANONE 110Gr,1,Produits Laitiers,0.55,,0,,,Magik,Gabes
Yaourt aromatisé Pomme Vanille DELICE DANONE 110Gr,1,Produits Laitiers,0.55,,0,,,Magik,Gabes
Yaourt aromatisé Abricot DELICE DANONE 110Gr,1,Produits Laitiers,0.55,,0,,,Magik,Gabes
Yaourt aromatisé Fraise DELICE DANONE 110Gr,1,Produits Laitiers,0.55,,0,,,Magik,Gabes
Yaourt aromatisé Citron NATILAIT 110Gr,1,Produits Laitiers,0.53,,0,,,Magik,Gabes
Yaourt aromatisé Pêche Abricot NATILAIT 110Gr,1,Produits Laitiers,0.53,,0,,,Magik,Gabes
Yaourt aromatisé Vanille NATILAIT 110Gr,1,Produits Laitiers,0.53,,0,,,Magik,Gabes
Yaourt aromatisé Fruits des bois VITALAIT 100Gr,1,Produits Laitiers,0.53,,0,,,Magik,Gabes
Yaourt aromatisé Vanille VITALAIT 100Gr,1,Produits Laitiers,0.55,,0,,,Magik,Gabes
Spécialité laitière brassée Vanille DELICE 100Gr,1,Produits Laitiers,0.6,,0,,,Magik,Gabes
Yaourt aromatisé Fraise VITALAIT 100Gr,1,Produits Laitiers,0.55,,0,,,Magik,Gabes
Yaourt Brassé Vanille VITALAIT 100Gr,1,Produits Laitiers,0.62,,0,,,Magik,Gabes
Yaourt aromatisé Banane VITALAIT 100Gr,1,Produits Laitiers,0.55,,0,,,Magik,Gabes
Yaourt aromatisé Noix de Coco VITALAIT 100Gr,1,Produits Laitiers,0.55,,0,,,Magik,Gabes
Yaourt aromatisé Citron VITALAIT 100Gr,1,Produits Laitiers,0.55,,0,,,Magik,Gabes
Yaourt aromatisé Pêche Abricot VITALAIT 100Gr,1,Produits Laitiers,0.55,,0,,,Magik,Gabes
Crème dessert Vanille NATILAIT 100Gr,1,Produits Laitiers,0.77,,0,,,Magik,Gabes
Yaourt aux Fruits Pêche DELICE DANONE 100Gr,1,Produits Laitiers,0.86,,0,,,Magik,Gabes
Spécialité Laitière aux fruits Ananas VITALAIT 100Gr,1,Produits Laitiers,0.87,,0,,,Magik,Gabes
Yaourt aux Fruits Cerise DELICE DANONE 100Gr,1,Produits Laitiers,0.86,,0,,,Magik,Gabes
Yaourt Brassé Fruits Secs et Grains VITALAIT 100Gr,1,Produits Laitiers,0.87,,0,,,Magik,Gabes
Yaourt à la Grecque Pêche Abricot DELICE DANONE 100Gr,1,Produits Laitiers,0.96,,0,,,Magik,Gabes
Yaourt à la Grecque Fraise DELICE DANONE 100Gr,1,Produits Laitiers,0.96,,0,,,Magik,Gabes
Yaourt Zgougou Vanille DANETTE 100Gr,1,Produits Laitiers,0.89,,0,,,Magik,Gabes
Yaourt à boire Pinacolada VITUP 160Gr,1,Produits Laitiers,0.96,,0,,,Magik,Gabes
Préparation alimentaire à la mozzarella Pizzatella MAJESTE 120Gr,1,Produits Laitiers,2.1,,0,,,Magik,Gabes
Préparation alimentaire en slice Au cheddar DAILY 5 tranches,1,Produits Laitiers,2.2,,0,,,Magik,Gabes
Fromage râpé fondant PRESIDENT 50Gr,1,Produits Laitiers,2.4,,0,,,Magik,Gabes
Fromage slice pizza PRESIDENT 10 tranches,1,Produits Laitiers,5.2,,0,,,Magik,Gabes
Fromage rapé spécial tajin PRESIDENT 120Gr,1,Produits Laitiers,5.7,,0,,,Magik,Gabes
Fromage râpé spécial gratin PRESIDENT 120Gr,1,Produits Laitiers,5.7,,0,,,Magik,Gabes
Préparation alimentaire à la mozzarella Pizzatella MAJESTE 500Gr,1,Produits Laitiers,6.4,,0,,,Magik,Gabes
Yaourt Aromatisé Fruits des Bois DELICE DANONE 110Gr,1,Produits Laitiers,0.49,,0,,,Magik,Gabes
Yaourt Nature DELICE DANONE 110Gr,1,Produits Laitiers,0.49,,0,,,Magik,Gabes
Yaourt Aromatisé Banane DELICE DANONE 110Gr,1,Produits Laitiers,0.49,,0,,,Magik,Gabes
Yaourt Brassé Vanille P'TIT TOP 70Gr,1,Produits Laitiers,0.43,,0,,,Magik,Gabes
Yaourt Nature NATILAIT 110Gr,1,Produits Laitiers,0.53,,0,,,Magik,Gabes
Yaourt Nature VITALAIT 110Gr,1,Produits Laitiers,0.55,,0,,,Magik,Gabes
Yaourt à boire Fraise DANUP DELICE DANONE 260Gr,1,Produits Laitiers,1.22,,0,,,Magik,Gabes
Yaourt aux fruits ACTIVIA Pêche DELICE DANONE 100Gr,1,Produits Laitiers,0.89,,0,,,Magik,Gabes
Fromage fondu PRESIDENT 8 portions,1,Produits Laitiers,3.7,,0,,,Magik,Gabes
Fromage fondu PRESIDENT 16 portions,1,Produits Laitiers,6.7,,0,,,Magik,Gabes
Fromage fondu PRESIDENT 24 portions,1,Produits Laitiers,9.2,,0,,,Magik,Gabes
Fromage fondu PRESIDENT 48 portions,1,Produits Laitiers,16.5,,0,,,Magik,Gabes
Fromage Fondu Goûter PRESIDENT 4x23Gr,1,Produits Laitiers,3.5,,0,,,Magik,Gabes
Fromage Frais Carré PRESIDENT 6 Portions,1,Produits Laitiers,3.5,3.4,0,,,Magik,Gabes
Fromage Carré DELICE 12 Portions,1,Produits Laitiers,6.7,,0,,,Magik,Gabes
Fromage Carré DELICE 24 Portions,1,Produits Laitiers,12.1,,0,,,Magik,Gabes
Fromage fondu à la crème CUISTOT PRESIDENT 4x75Gr,1,Produits Laitiers,11.0,,0,,,Magik,Gabes
Fromage Frais Carré PRESIDENT 24 Portions,1,Produits Laitiers,11.0,,0,,,Magik,Gabes
Fromage fondu FROMY PLUS 24 portions,1,Produits Laitiers,9.6,,0,,,Magik,Gabes
Cuisse de Poulet,4,Viandes et Poissons,10.0,5.0,0,,,Magik,Gabes
Escalope de Poulet,4,Viandes et Poissons,20.0,17.0,0,,,Magik,Gabes
Cuisse de dinde,4,Viandes et Poissons,15.0,12.0,0,,,Magik,Gabes
Poulet pac,4,Viandes et Poissons,9.0,8.5,0,,,Magik,Gabes
Blanc de Poulet,4,Viandes et Poissons,15.2,13.5,0,,,Magik,Gabes
Escalope de Dinde,4,Viandes et Poissons,18.0,17.0,0,,,Magik,Gabes
Steak de dinde,4,Viandes et Poissons,18.0,15.0,0,,,Magik,Gabes
Ailes de poulet,4,Viandes et Poissons,7.0,6.5,0,,,Magik,Gabes
Carcasse de poulet,4,Viandes et Poissons,8.0,3.0,0,,,Magik,Gabes
Foie de poulet,4,Viandes et Poissons,17.0,16.0,0,,,Magik,Gabes
Plateau 30 oeufs,4,Viandes et Poissons,9.2,,0,,,Magik,Gabes
Pilon de Poulet,4,Viandes et Poissons,13.0,,0,,,Magik,Gabes
Crevette Royale Grand Calibre,4,Viandes et Poissons,60.0,,0,,,Magik,Gabes
Pagre Jaghali,4,Viandes et Poissons,21.0,,0,,,Magik,Gabes
Daurade semi-élévage moyen calibre,4,Viandes et Poissons,16.0,,0,,,Magik,Gabes
Seiche noire Soubya Chouabi,4,Viandes et Poissons,33.0,,0,,,Magik,Gabes
Moules,4,Viandes et Poissons,18.0,,0,,,Magik,Gabes
Crevette Moyen Calibre,4,Viandes et Poissons,55.0,,0,,,Magik,Gabes
Saurel Chourou jaune,4,Viandes et Poissons,18.0,,0,,,Magik,Gabes
Pageot Morjane,4,Viandes et Poissons,20.0,,0,,,Magik,Gabes
Loup semi-élevage,4,Viandes et Poissons,18.0,,0,,,Magik,Gabes
Rouget Rouge,4,Viandes et Poissons,32.0,,0,,,Magik,Gabes
Daurade sauvage moyen calibre,4,Viandes et Poissons,32.0,,0,,,Magik,Gabes
Merou Blanc Mannani,4,Viandes et Poissons,20.0,,0,,,Magik,Gabes
Poulpe Karnit,4,Viandes et Poissons,35.0,,0,,,Magik,Gabes
Bengrins Mila,4,Viandes et Poissons,20.0,,0,,,Magik,Gabes
Poisson Baliste Far,4,Viandes et Poissons,22.0,,0,,,Magik,Gabes
Poisson Pataclet Sbares,4,Viandes et Poissons,24.0,,0,,,Magik,Gabes
